coverage,cumulative_accuracy,correctness_lcb
0.00016818028927009755,1.0,0.6520816288448655
0.0003363605785401951,0.5,0.6501437325132181
0.0005045408678102926,0.3333333333333333,0.6493647725899926
0.0006727211570803902,0.5,0.6479151696507744
0.0008409014463504877,0.4,0.6474637740131993
0.0010090817356205853,0.5,0.6428630977210739
0.0011772620248906827,0.42857142857142855,0.6423715721900392
0.0013454423141607804,0.5,0.6416353253919861
0.0015136226034308778,0.4444444444444444,0.637625635373731
0.0016818028927009755,0.5,0.6299381580145179
0.001849983181971073,0.5454545454545454,0.6292848864336703
0.0020181634712411706,0.5,0.6284876492785595
0.002186343760511268,0.5384615384615384,0.6282270623858525
0.0023545240497813654,0.5,0.62643743300331
0.0025227043390514633,0.4666666666666667,0.6250384636580048
0.0026908846283215607,0.4375,0.6240971744351297
0.002859064917591658,0.47058823529411764,0.623099935819837
0.0030272452068617556,0.5,0.620753065727055
0.0031954254961318535,0.5263157894736842,0.6201436654645066
0.003363605785401951,0.5,0.620051780255224
0.0035317860746720484,0.5238095238095238,0.6197062269354693
0.003699966363942146,0.5454545454545454,0.6195271397892004
0.0038681466532122437,0.5217391304347826,0.6192236474382836
0.004036326942482341,0.5416666666666666,0.6188713490641801
0.004204507231752439,0.56,0.618237791643028
0.004372687521022536,0.5384615384615384,0.6180281675118704
0.004540867810292634,0.5185185185185185,0.6171137745401183
0.004709048099562731,0.5,0.6163505653707179
0.004877228388832829,0.4827586206896552,0.6159449222671998
0.005045408678102927,0.4666666666666667,0.6147325581569849
0.005213588967373024,0.4838709677419355,0.6130772092379349
0.0053817692566431215,0.5,0.6129149089518511
0.005549949545913219,0.5151515151515151,0.6128312780305005
0.005718129835183316,0.5,0.6128114552993484
0.005886310124453414,0.5142857142857142,0.6114932694960389
0.006054490413723511,0.5277777777777778,0.611427481198281
0.006222670702993609,0.5135135135135135,0.6112825633906805
0.006390850992263707,0.5263157894736842,0.6111532855118846
0.006559031281533804,0.5128205128205128,0.6110641694156876
0.006727211570803902,0.525,0.611012198631783
0.006895391860074,0.5121951219512195,0.6105809773628575
0.007063572149344097,0.5238095238095238,0.6098706537152081
0.007231752438614195,0.5348837209302325,0.6080032466962509
0.007399932727884292,0.5454545454545454,0.6078787700134644
0.0075681130171543895,0.5555555555555556,0.6070726822612182
0.007736293306424487,0.5434782608695652,0.6069906591907658
0.007904473595694584,0.5319148936170213,0.6069663943357212
0.008072653884964682,0.5208333333333334,0.6067517134391359
0.00824083417423478,0.5102040816326531,0.6064225985888243
0.008409014463504878,0.5,0.606307121079289
0.008577194752774974,0.5098039215686274,0.6061876595118413
0.008745375042045072,0.5,0.6061601225534846
0.00891355533131517,0.5094339622641509,0.6060656636923891
0.009081735620585268,0.5185185185185185,0.6059804922562662
0.009249915909855366,0.5272727272727272,0.6058297638717389
0.009418096199125462,0.5178571428571429,0.605816841052569
0.00958627648839556,0.5087719298245614,0.6057103083386468
0.009754456777665657,0.5,0.6056708166811237
0.009922637066935755,0.5084745762711864,0.6056215440450894
0.010090817356205853,0.5166666666666667,0.6055414642172919
0.010258997645475951,0.5245901639344263,0.605339038037551
0.010427177934746047,0.532258064516129,0.6044213348932672
0.010595358224016145,0.5396825396825397,0.6043843326248477
0.010763538513286243,0.546875,0.6043262376912
0.01093171880255634,0.5538461538461539,0.6040155064298081
0.011099899091826439,0.5454545454545454,0.6038837138722557
0.011268079381096535,0.5522388059701493,0.6036714695964663
0.011436259670366633,0.5588235294117647,0.6030138170308067
0.01160443995963673,0.5507246376811594,0.6027128127956161
0.011772620248906828,0.5571428571428572,0.6021528446585384
0.011940800538176926,0.5633802816901409,0.60212113849541
0.012108980827447022,0.5555555555555556,0.6020482820759067
0.01227716111671712,0.5616438356164384,0.6018489007908463
0.012445341405987218,0.5540540540540541,0.6015554758194839
0.012613521695257316,0.5466666666666666,0.6013219098703163
0.012781701984527414,0.5526315789473685,0.6013200133761187
0.01294988227379751,0.5584415584415584,0.6013191808257984
0.013118062563067608,0.5512820512820513,0.6011488857111004
0.013286242852337706,0.5443037974683544,0.6008749370390005
0.013454423141607804,0.55,0.6008648853580244
0.013622603430877902,0.5555555555555556,0.6004117194277842
0.013790783720148,0.5609756097560976,0.6002507748040067
0.013958964009418096,0.5662650602409639,0.6002182136262784
0.014127144298688193,0.5595238095238095,0.5995502671761753
0.014295324587958291,0.5529411764705883,0.5995217778978255
0.01446350487722839,0.5465116279069767,0.5994644525819445
0.014631685166498487,0.5402298850574713,0.599365705373928
0.014799865455768583,0.5454545454545454,0.5991041640358153
0.014968045745038681,0.5393258426966292,0.5988684874675837
0.015136226034308779,0.5444444444444444,0.5985818098515334
0.015304406323578877,0.5384615384615384,0.5984724046153568
0.015472586612848975,0.532608695652174,0.5977730986904422
0.01564076690211907,0.5268817204301075,0.5976139614874896
0.01580894719138917,0.5319148936170213,0.5976137546841044
0.015977127480659267,0.5368421052631579,0.5975575035874101
0.016145307769929364,0.5416666666666666,0.5975389037581181
0.016313488059199462,0.5360824742268041,0.5975026219260471
0.01648166834846956,0.5306122448979592,0.5973466658028999
0.016649848637739658,0.5252525252525253,0.5970443049409214
0.016818028927009756,0.52,0.5970123701273701
0.01698620921627985,0.5247524752475248,0.5968803921374445
0.017154389505549948,0.5196078431372549,0.5968672083885261
0.017322569794820046,0.5145631067961165,0.5968497194092726
0.017490750084090144,0.5192307692307693,0.5968200125652079
0.017658930373360242,0.5238095238095238,0.5967550674799497
0.01782711066263034,0.5283018867924528,0.596609466021213
0.017995290951900438,0.5233644859813084,0.59645493389703
0.018163471241170535,0.5185185185185185,0.5964479858493913
0.018331651530440633,0.5229357798165137,0.5963669857811792
0.01849983181971073,0.5272727272727272,0.5963591040690283
0.01866801210898083,0.5315315315315315,0.5962851164446547
0.018836192398250923,0.5267857142857143,0.5961287043264681
0.01900437268752102,0.5309734513274337,0.5959752422727328
0.01917255297679112,0.5263157894736842,0.5959254464752585
0.019340733266061217,0.5304347826086957,0.5958825084762945
0.019508913555331315,0.5344827586206896,0.5958202691117034
0.019677093844601413,0.5299145299145299,0.5957858391817477
0.01984527413387151,0.5338983050847458,0.5954699385421064
0.02001345442314161,0.5294117647058824,0.595393848089725
0.020181634712411706,0.525,0.5952197256657744
0.020349815001681804,0.5289256198347108,0.5951816342950383
0.020517995290951902,0.5327868852459017,0.5951289427512163
0.020686175580221997,0.5365853658536586,0.5950944521306759
0.020854355869492094,0.5403225806451613,0.5950611550104421
0.021022536158762192,0.536,0.5949104019524855
0.02119071644803229,0.5396825396825397,0.5946666907995116
0.021358896737302388,0.5433070866141733,0.5943463569411525
0.021527077026572486,0.5390625,0.5943187257401157
0.021695257315842584,0.5426356589147286,0.5939235633971672
0.02186343760511268,0.5384615384615384,0.5939168153317684
0.02203161789438278,0.5343511450381679,0.5938470812725087
0.022199798183652877,0.5303030303030303,0.5938175725425755
0.022367978472922972,0.5338345864661654,0.5937404479120085
0.02253615876219307,0.5373134328358209,0.5937008187715331
0.022704339051463168,0.5407407407407407,0.5932751200720027
0.022872519340733265,0.5367647058823529,0.5932747075919642
0.023040699630003363,0.5401459854014599,0.5931938703322052
0.02320887991927346,0.5434782608695652,0.5931293250582421
0.02337706020854356,0.539568345323741,0.5931204826726775
0.023545240497813657,0.5428571428571428,0.5930808068091515
0.023713420787083755,0.5390070921985816,0.5930223489077535
0.023881601076353853,0.5422535211267606,0.5928498670979789
0.02404978136562395,0.5384615384615384,0.5927379252894167
0.024217961654894045,0.5347222222222222,0.5926961674140652
0.024386141944164143,0.5379310344827586,0.5925133158111574
0.02455432223343424,0.5342465753424658,0.5922848567728489
0.02472250252270434,0.5374149659863946,0.5921834842995344
0.024890682811974436,0.5337837837837838,0.5920741067149946
0.025058863101244534,0.5369127516778524,0.5919881579365167
0.025227043390514632,0.54,0.5919431845656431
0.02539522367978473,0.5364238410596026,0.5919427687338273
0.025563403969054828,0.5394736842105263,0.5919128364749674
0.025731584258324926,0.5359477124183006,0.5917687617706598
0.02589976454759502,0.538961038961039,0.5916555899308014
0.026067944836865118,0.535483870967742,0.5910580936474575
0.026236125126135216,0.532051282051282,0.5910356260003632
0.026404305415405314,0.535031847133758,0.5909400893153558
0.02657248570467541,0.5379746835443038,0.5908816081672001
0.02674066599394551,0.5408805031446541,0.5908420706178106
0.026908846283215607,0.54375,0.5907356401862353
0.027077026572485705,0.546583850931677,0.5907179714879861
0.027245206861755803,0.5432098765432098,0.5905594606056361
0.0274133871510259,0.5398773006134969,0.5905392432130769
0.027581567440296,0.5426829268292683,0.590448535771658
0.027749747729566093,0.5454545454545454,0.590355516188269
0.02791792801883619,0.5481927710843374,0.5902157582177119
0.02808610830810629,0.5449101796407185,0.5901866654932306
0.028254288597376387,0.5476190476190477,0.5901421854671896
0.028422468886646485,0.5502958579881657,0.5901170328646184
0.028590649175916583,0.5470588235294118,0.5899313223388412
0.02875882946518668,0.543859649122807,0.5898952967982556
0.02892700975445678,0.5465116279069767,0.5898233493622203
0.029095190043726876,0.5433526011560693,0.5898071043680475
0.029263370332996974,0.5459770114942529,0.5897254836466361
0.029431550622267072,0.5428571428571428,0.5895936916349201
0.029599730911537166,0.5454545454545454,0.5895712518946742
0.029767911200807264,0.5480225988700564,0.5895241408987033
0.029936091490077362,0.550561797752809,0.5894340782776476
0.03010427177934746,0.547486033519553,0.5893893926666542
0.030272452068617558,0.55,0.5893533508817459
0.030440632357887656,0.5469613259668509,0.5891961163390221
0.030608812647157754,0.5439560439560439,0.5891343207113474
0.03077699293642785,0.5409836065573771,0.5890467697356209
0.03094517322569795,0.5434782608695652,0.5889791249982944
0.031113353514968047,0.5459459459459459,0.588879883514922
0.03128153380423814,0.543010752688172,0.5888517712400848
0.03144971409350824,0.5454545454545454,0.5888279890661312
0.03161789438277834,0.5478723404255319,0.5887303949126742
0.031786074672048435,0.5502645502645502,0.588722572842359
0.03195425496131853,0.5526315789473685,0.5886608970042462
0.03212243525058863,0.5549738219895288,0.5886366023408697
0.03229061553985873,0.5572916666666666,0.5885433049879356
0.03245879582912883,0.5595854922279793,0.5883537964690732
0.032626976118398925,0.5618556701030928,0.5883304775118195
0.03279515640766902,0.558974358974359,0.5881751311501686
0.03296333669693912,0.5561224489795918,0.5881572835112818
0.03313151698620922,0.5583756345177665,0.5881491987855575
0.033299697275479316,0.5606060606060606,0.5881326270868587
0.033467877564749414,0.5577889447236181,0.588103418368494
0.03363605785401951,0.56,0.5880675998337974
0.03380423814328961,0.5572139303482587,0.5879702913495869
0.0339724184325597,0.5594059405940595,0.5879292907367267
0.0341405987218298,0.5615763546798029,0.5879165233069199
0.034308779011099896,0.5588235294117647,0.587875680221003
0.034476959300369994,0.5560975609756098,0.5878371995884427
0.03464513958964009,0.5533980582524272,0.5876596456633071
0.03481331987891019,0.5507246376811594,0.5875627694007457
0.03498150016818029,0.5480769230769231,0.5875519421995195
0.035149680457450386,0.5454545454545454,0.5874414379308829
0.035317860746720484,0.5476190476190477,0.5874379487223597
0.03548604103599058,0.5497630331753555,0.5873101087237115
0.03565422132526068,0.5471698113207547,0.5873072090184056
0.03582240161453078,0.5492957746478874,0.5872349125931158
0.035990581903800875,0.5467289719626168,0.5872002732094803
0.03615876219307097,0.5441860465116279,0.5871007418567485
0.03632694248234107,0.5416666666666666,0.5870232054888219
0.03649512277161117,0.543778801843318,0.5870041884134352
0.03666330306088127,0.5458715596330275,0.5869431036313395
0.036831483350151364,0.547945205479452,0.586920742755919
0.03699966363942146,0.5454545454545454,0.5868284817582173
0.03716784392869156,0.5475113122171946,0.5868271537009582
0.03733602421796166,0.545045045045045,0.5866564951619864
0.03750420450723175,0.5426008968609866,0.5866519348944749
0.03767238479650185,0.5401785714285714,0.5865736545339697
0.037840565085771945,0.5422222222222223,0.586543893939954
0.03800874537504204,0.5442477876106194,0.5865049654018664
0.03817692566431214,0.5462555066079295,0.5862969403032479
0.03834510595358224,0.5482456140350878,0.5861937632066488
0.038513286242852336,0.5458515283842795,0.586123067684003
0.038681466532122434,0.5434782608695652,0.58609691863685
0.03884964682139253,0.5411255411255411,0.5860478712089352
0.03901782711066263,0.5431034482758621,0.5859900271114611
0.03918600739993273,0.5407725321888412,0.5859421989923526
0.039354187689202826,0.5427350427350427,0.5859154616372055
0.03952236797847292,0.5446808510638298,0.585882287225012
0.03969054826774302,0.5466101694915254,0.5858382648633099
0.03985872855701312,0.5485232067510548,0.5857810795078144
0.04002690884628322,0.5504201680672269,0.5857776359618357
0.040195089135553315,0.5523012552301255,0.5857505673306793
0.04036326942482341,0.5541666666666667,0.5856686460285833
0.04053144971409351,0.5518672199170125,0.5856678332799302
0.04069963000336361,0.5495867768595041,0.5855996539645597
0.040867810292633706,0.5473251028806584,0.5855833512199203
0.041035990581903804,0.5450819672131147,0.5855292964248836
0.041204170871173895,0.5469387755102041,0.5855007376087381
0.04137235116044399,0.5487804878048781,0.5853764609035624
0.04154053144971409,0.5506072874493927,0.5853282639310967
0.04170871173898419,0.5483870967741935,0.5851764245513221
0.04187689202825429,0.5461847389558233,0.585134929627969
0.042045072317524385,0.544,0.5851262030706147
0.04221325260679448,0.5418326693227091,0.585007990712561
0.04238143289606458,0.5396825396825397,0.5849575004897499
0.04254961318533468,0.541501976284585,0.5849269792745295
0.042717793474604776,0.5433070866141733,0.5849217323328981
0.042885973763874874,0.5411764705882353,0.584900744826797
0.04305415405314497,0.54296875,0.5848627012154343
0.04322233434241507,0.5408560311284046,0.5848491246921188
0.04339051463168517,0.5387596899224806,0.584746628102917
0.043558694920955265,0.5405405405405406,0.5846593052282136
0.04372687521022536,0.5423076923076923,0.5845489179011366
0.04389505549949546,0.5402298850574713,0.5845430497904828
0.04406323578876556,0.5381679389312977,0.5845061422065186
0.04423141607803566,0.5361216730038023,0.5844683846331538
0.044399596367305755,0.5378787878787878,0.58446426297092
0.04456777665657585,0.539622641509434,0.5844371317231045
0.044735956945845944,0.5375939849624061,0.5844112381059177
0.04490413723511604,0.5355805243445693,0.5842373184788651
0.04507231752438614,0.5373134328358209,0.5841978941084225
0.04524049781365624,0.5390334572490706,0.5841684352674448
0.045408678102926335,0.5407407407407407,0.5841572431943202
0.04557685839219643,0.5424354243542435,0.5841536586214005
0.04574503868146653,0.5441176470588235,0.5840931516202444
0.04591321897073663,0.5457875457875457,0.584073456847575
0.04608139926000673,0.5437956204379562,0.5840622952725337
0.046249579549276824,0.5418181818181819,0.5840021305023462
0.04641775983854692,0.5398550724637681,0.5839648723862262
0.04658594012781702,0.5379061371841155,0.5838963348827276
0.04675412041708712,0.539568345323741,0.5837859933452157
0.046922300706357216,0.5376344086021505,0.5837095187222707
0.047090480995627314,0.5357142857142857,0.5835840871837293
0.04725866128489741,0.5373665480427047,0.5835449455732488
0.04742684157416751,0.5354609929078015,0.5834628983593864
0.04759502186343761,0.5335689045936396,0.5834368329270354
0.047763202152707705,0.5352112676056338,0.5833677359734104
0.0479313824419778,0.5333333333333333,0.5833607207325068
0.0480995627312479,0.534965034965035,0.5833403081034824
0.04826774302051799,0.5331010452961672,0.5833323121249516
0.04843592330978809,0.53125,0.5832395598569435
0.04860410359905819,0.5294117647058824,0.583233964538927
0.048772283888328286,0.5310344827586206,0.5832240371126033
0.04894046417759838,0.5326460481099656,0.5831718899077166
0.04910864446686848,0.5308219178082192,0.583149573048985
0.04927682475613858,0.5290102389078498,0.583047081935063
0.04944500504540868,0.5306122448979592,0.5830018346567404
0.049613185334678775,0.5322033898305085,0.5828592772875876
0.04978136562394887,0.5337837837837838,0.5827585229113481
0.04994954591321897,0.531986531986532,0.5827343318639389
0.05011772620248907,0.5335570469798657,0.5826388992784984
0.050285906491759166,0.5317725752508361,0.582638523122649
0.050454086781029264,0.53,0.5826278641609556
0.05062226707029936,0.5282392026578073,0.5826108993142894
0.05079044735956946,0.5298013245033113,0.5825785962871067
0.05095862764883956,0.528052805280528,0.5824447493750251
0.051126807938109656,0.5296052631578947,0.5824207938841214
0.051294988227379754,0.5278688524590164,0.5823122860014164
0.05146316851664985,0.5261437908496732,0.5823011424226029
0.05163134880591995,0.5276872964169381,0.5822324192034675
0.05179952909519004,0.5292207792207793,0.582207664725886
0.05196770938446014,0.5307443365695793,0.5821602004811575
0.052135889673730236,0.5290322580645161,0.5821407017699222
0.052304069963000334,0.5273311897106109,0.582097507541073
0.05247225025227043,0.5288461538461539,0.5818997116946426
0.05264043054154053,0.5303514376996805,0.5817591240870639
0.05280861083081063,0.5318471337579618,0.5817292589978338
0.052976791120080725,0.5333333333333333,0.581686079227579
0.05314497140935082,0.5316455696202531,0.5816452696054757
0.05331315169862092,0.5299684542586751,0.5816251124430366
0.05348133198789102,0.5314465408805031,0.5813127838940068
0.05364951227716112,0.5329153605015674,0.5812390320776866
0.053817692566431215,0.534375,0.5811563569930353
0.05398587285570131,0.5358255451713395,0.5811448626727423
0.05415405314497141,0.5372670807453416,0.5811135993168441
0.05432223343424151,0.5356037151702786,0.5811040038051832
0.054490413723511606,0.5370370370370371,0.5810967862048044
0.054658594012781704,0.5384615384615384,0.5810479909685489
0.0548267743020518,0.5398773006134969,0.5809951603046415
0.0549949545913219,0.5382262996941896,0.580970858739456
0.055163134880592,0.5396341463414634,0.5809679177260784
0.055331315169862096,0.5379939209726444,0.580964713080622
0.055499495459132187,0.5393939393939394,0.5808969811664018
0.055667675748402284,0.5377643504531722,0.5808250785554251
0.05583585603767238,0.5391566265060241,0.5808047536741562
0.05600403632694248,0.5405405405405406,0.5807655902002434
0.05617221661621258,0.5419161676646707,0.5807358397805074
0.056340396905482676,0.5432835820895522,0.5807206796906333
0.056508577194752774,0.5446428571428571,0.5807200900639957
0.05667675748402287,0.5459940652818991,0.5806521657636127
0.05684493777329297,0.5473372781065089,0.5806468745527058
0.05701311806256307,0.5457227138643068,0.5806312592993912
0.057181298351833165,0.5470588235294118,0.5806299991756922
0.05734947864110326,0.5483870967741935,0.5806177042950709
0.05751765893037336,0.5467836257309941,0.5806157557298159
0.05768583921964346,0.5481049562682215,0.5805905668252536
0.05785401950891356,0.5465116279069767,0.5805856268901829
0.058022199798183655,0.5478260869565217,0.5805764116814807
0.05819038008745375,0.5491329479768786,0.580544984880345
0.05835856037672385,0.5504322766570605,0.5805395491158629
0.05852674066599395,0.5488505747126436,0.5805210302822075
0.058694920955264046,0.5501432664756447,0.5804875287758692
0.058863101244534144,0.5485714285714286,0.5804464276070415
0.059031281533804235,0.5470085470085471,0.5804259796722513
0.05919946182307433,0.5482954545454546,0.5803591019861845
0.05936764211234443,0.5495750708215298,0.5803446776427398
0.05953582240161453,0.5508474576271186,0.5802578608125697
0.059704002690884626,0.5521126760563381,0.5801893925150037
0.059872182980154724,0.550561797752809,0.5800801387953801
0.06004036326942482,0.5490196078431373,0.5799908060634275
0.06020854355869492,0.547486033519553,0.5799511752972624
0.06037672384796502,0.5487465181058496,0.579934721457808
0.060544904137235116,0.5472222222222223,0.5798992863413027
0.060713084426505214,0.5484764542936288,0.5797958539244757
0.06088126471577531,0.5497237569060773,0.5797431742735644
0.06104944500504541,0.5482093663911846,0.5797221097180747
0.06121762529431551,0.5494505494505495,0.5797184942695
0.061385805583585605,0.5506849315068493,0.5797042897370761
0.0615539858728557,0.5491803278688525,0.5796938334904728
0.0617221661621258,0.547683923705722,0.5796879763056687
0.0618903464513959,0.5461956521739131,0.5796820238452941
0.062058526740666,0.5474254742547425,0.5796683327263661
0.062226707029936094,0.5459459459459459,0.5795614910208968
0.06239488731920619,0.5471698113207547,0.5795614177854027
0.06256306760847628,0.5456989247311828,0.579514056921995
0.06273124789774638,0.546916890080429,0.5794520613216394
0.06289942818701648,0.5454545454545454,0.5793617527657186
0.06306760847628658,0.5466666666666666,0.5792511525034462
0.06323578876555667,0.5452127659574468,0.579107205978308
0.06340396905482677,0.5464190981432361,0.5790870586287831
0.06357214934409687,0.5476190476190477,0.5790497033487865
0.06374032963336697,0.5488126649076517,0.5789987914566384
0.06390850992263707,0.55,0.5789825987379602
0.06407669021190716,0.5511811023622047,0.5789683913857261
0.06424487050117726,0.5497382198952879,0.5789176384088806
0.06441305079044736,0.5483028720626631,0.5789124444341556
0.06458123107971746,0.546875,0.5788379226220635
0.06474941136898756,0.548051948051948,0.578825519778013
0.06491759165825765,0.5466321243523317,0.5788233517702764
0.06508577194752775,0.5478036175710594,0.5787664638238265
0.06525395223679785,0.5463917525773195,0.578756708034185
0.06542213252606795,0.5475578406169666,0.5787447024196815
0.06559031281533804,0.5461538461538461,0.5787404258083776
0.06575849310460814,0.5473145780051151,0.5787343838598209
0.06592667339387824,0.5459183673469388,0.5787026606626599
0.06609485368314834,0.544529262086514,0.5786861632192398
0.06626303397241844,0.5431472081218274,0.5786051227981408
0.06643121426168853,0.5443037974683544,0.5785503944685544
0.06659939455095863,0.5429292929292929,0.5784474281517319
0.06676757484022873,0.5440806045340051,0.5784199054616995
0.06693575512949883,0.542713567839196,0.5782934473724003
0.06710393541876893,0.5413533834586466,0.5781938668331809
0.06727211570803902,0.54,0.5781210117434373
0.06744029599730912,0.5386533665835411,0.5781053112778161
0.06760847628657922,0.5398009950248757,0.5780319659557428
0.06777665657584932,0.5384615384615384,0.5780246811611364
0.0679448368651194,0.5396039603960396,0.5780199702864458
0.0681130171543895,0.5407407407407407,0.5780183103655553
0.0682811974436596,0.541871921182266,0.5779917913400857
0.0684493777329297,0.542997542997543,0.5778852486489323
0.06861755802219979,0.5441176470588235,0.577862547332975
0.06878573831146989,0.5452322738386308,0.577840888508806
0.06895391860073999,0.5463414634146342,0.5778059813945872
0.06912209889001009,0.5474452554744526,0.5778029666463639
0.06929027917928018,0.5485436893203883,0.5777622770382674
0.06945845946855028,0.549636803874092,0.5777574831074489
0.06962663975782038,0.5507246376811594,0.5775240919656084
0.06979482004709048,0.5493975903614458,0.5774023858938314
0.06996300033636058,0.5504807692307693,0.5773828310353587
0.07013118062563067,0.5491606714628298,0.5773798841165533
0.07029936091490077,0.5478468899521531,0.5773196536308196
0.07046754120417087,0.548926014319809,0.5772769994882688
0.07063572149344097,0.55,0.57723668310789
0.07080390178271107,0.5486935866983373,0.5772329715544393
0.07097208207198116,0.54739336492891,0.5772153437043048
0.07114026236125126,0.5484633569739953,0.5772108782717954
0.07130844265052136,0.5471698113207547,0.5771963741933962
0.07147662293979146,0.5458823529411765,0.5771803399369609
0.07164480322906155,0.5446009389671361,0.5771257629798718
0.07181298351833165,0.5456674473067916,0.5769561110214442
0.07198116380760175,0.544392523364486,0.5769315078424143
0.07214934409687185,0.5431235431235432,0.5768950282267793
0.07231752438614195,0.541860465116279,0.5768704378680845
0.07248570467541204,0.54292343387471,0.5768618747212555
0.07265388496468214,0.5439814814814815,0.5767567829570653
0.07282206525395224,0.5450346420323325,0.5766736886575382
0.07299024554322234,0.5460829493087558,0.5766248924531882
0.07315842583249244,0.5448275862068965,0.5766003456833579
0.07332660612176253,0.5458715596330275,0.5765752072696451
0.07349478641103263,0.5469107551487414,0.5765549434335592
0.07366296670030273,0.545662100456621,0.5765537196999622
0.07383114698957283,0.5444191343963554,0.5765406791220886
0.07399932727884292,0.5454545454545454,0.5765330238598364
0.07416750756811302,0.54421768707483,0.5765006036900864
0.07433568785738312,0.5429864253393665,0.5764801907939563
0.07450386814665322,0.5417607223476298,0.5764781460127412
0.07467204843592332,0.5427927927927928,0.576460815210457
0.07484022872519341,0.5438202247191011,0.5764411748934322
0.0750084090144635,0.5448430493273543,0.576424908014989
0.0751765893037336,0.5436241610738255,0.5763555559485044
0.0753447695930037,0.5446428571428571,0.5763422260371204
0.07551294988227379,0.5456570155902004,0.576317796809124
0.07568113017154389,0.5466666666666666,0.5761568813448195
0.07584931046081399,0.5476718403547672,0.576047541698782
0.07601749075008409,0.5486725663716814,0.5760300401591186
0.07618567103935418,0.5496688741721855,0.5759614319523989
0.07635385132862428,0.5506607929515418,0.5759444780958667
0.07652203161789438,0.5516483516483517,0.5759064971032805
0.07669021190716448,0.5526315789473685,0.5758944189984161
0.07685839219643457,0.5514223194748359,0.5758892376329775
0.07702657248570467,0.5524017467248908,0.5758871460803824
0.07719475277497477,0.5533769063180828,0.5758757448937758
0.07736293306424487,0.5521739130434783,0.5758431063021888
0.07753111335351497,0.5531453362255966,0.5757917359633692
0.07769929364278506,0.5541125541125541,0.5757534478514038
0.07786747393205516,0.5529157667386609,0.5757104711067659
0.07803565422132526,0.5538793103448276,0.5755917598595939
0.07820383451059536,0.5526881720430108,0.5755865690864106
0.07837201479986546,0.5536480686695279,0.5755825358763692
0.07854019508913555,0.5546038543897216,0.5755637572850181
0.07870837537840565,0.5534188034188035,0.5755512938631739
0.07887655566767575,0.5522388059701493,0.5755168154746281
0.07904473595694585,0.551063829787234,0.5754858612615471
0.07921291624621594,0.5520169851380042,0.5754772341739587
0.07938109653548604,0.5508474576271186,0.5754724219196327
0.07954927682475614,0.5517970401691332,0.5754404556538019
0.07971745711402624,0.5506329113924051,0.5753871020207145
0.07988563740329634,0.5494736842105263,0.5753837842008306
0.08005381769256643,0.5483193277310925,0.5753410558074681
0.08022199798183653,0.5471698113207547,0.575257584203292
0.08039017827110663,0.5481171548117155,0.5752368142019255
0.08055835856037673,0.5469728601252609,0.575235519214582
0.08072653884964683,0.5458333333333333,0.5751679184936553
0.08089471913891692,0.5467775467775468,0.5751664002296136
0.08106289942818702,0.5456431535269709,0.5751414551888744
0.08123107971745712,0.546583850931677,0.5751359067899037
0.08139926000672722,0.5475206611570248,0.575116881907216
0.08156744029599731,0.5484536082474227,0.575112688743262
0.08173562058526741,0.5473251028806584,0.575022981903103
0.08190380087453751,0.5462012320328542,0.5749982713435572
0.08207198116380761,0.5450819672131147,0.5749904592376462
0.08224016145307769,0.5439672801635992,0.5749843532304474
0.08240834174234779,0.5428571428571428,0.5749419859252995
0.08257652203161789,0.5417515274949084,0.5749278039492138
0.08274470232088799,0.540650406504065,0.5749168672089118
0.08291288261015808,0.5415821501014199,0.5748977136312338
0.08308106289942818,0.5425101214574899,0.5748687296125836
0.08324924318869828,0.5414141414141415,0.574836323295775
0.08341742347796838,0.5403225806451613,0.5748088579088559
0.08358560376723848,0.5412474849094567,0.5747524427268943
0.08375378405650857,0.5421686746987951,0.5746720602000353
0.08392196434577867,0.5410821643286573,0.5746639148248012
0.08409014463504877,0.542,0.5745924834388151
0.08425832492431887,0.5429141716566867,0.5745897621970745
0.08442650521358896,0.5438247011952191,0.5745867795835842
0.08459468550285906,0.5427435387673957,0.5745450530245972
0.08476286579212916,0.5436507936507936,0.5745286435226117
0.08493104608139926,0.5425742574257426,0.57448592551402
0.08509922637066936,0.5434782608695652,0.5744482154518563
0.08526740665993945,0.5424063116370809,0.5744364048991122
0.08543558694920955,0.5433070866141733,0.5744295240782525
0.08560376723847965,0.5442043222003929,0.5744028878154954
0.08577194752774975,0.5431372549019607,0.5743027313041983
0.08594012781701985,0.5440313111545988,0.5741914883710132
0.08610830810628994,0.544921875,0.5741876127591565
0.08627648839556004,0.543859649122807,0.574122564232747
0.08644466868483014,0.5447470817120622,0.5740229593081153
0.08661284897410024,0.5436893203883495,0.5740159992338584
0.08678102926337034,0.5445736434108527,0.5740153615040025
0.08694920955264043,0.5454545454545454,0.5740100282178185
0.08711738984191053,0.5463320463320464,0.5739806093518978
0.08728557013118063,0.5472061657032755,0.5739417542220628
0.08745375042045073,0.5480769230769231,0.5739343040973605
0.08762193070972082,0.5470249520153551,0.573913894639258
0.08779011099899092,0.5459770114942529,0.573867996794904
0.08795829128826102,0.5449330783938815,0.5737658381917776
0.08812647157753112,0.5458015267175572,0.5737654087556061
0.08829465186680122,0.5466666666666666,0.5737549736560913
0.08846283215607131,0.5475285171102662,0.5736978359712339
0.08863101244534141,0.5483870967741935,0.5735012163033831
0.08879919273461151,0.5473484848484849,0.5734364338764256
0.08896737302388161,0.5482041587901701,0.5733527151025958
0.0891355533131517,0.5490566037735849,0.5733492636809416
0.08930373360242179,0.5499058380414312,0.5733045427907788
0.08947191389169189,0.5488721804511278,0.573254461867682
0.08964009418096199,0.549718574108818,0.5731787679624207
0.08980827447023208,0.548689138576779,0.5731729084411396
0.08997645475950218,0.5476635514018692,0.5731284301778063
0.09014463504877228,0.5466417910447762,0.573123483434483
0.09031281533804238,0.5456238361266295,0.5731127421440293
0.09048099562731247,0.5446096654275093,0.5731065863362854
0.09064917591658257,0.5435992578849722,0.573075877514169
0.09081735620585267,0.5425925925925926,0.5730593704436135
0.09098553649512277,0.5434380776340111,0.5730489252965099
0.09115371678439287,0.5424354243542435,0.5730448778197209
0.09132189707366296,0.5432780847145487,0.5730042610828826
0.09149007736293306,0.5422794117647058,0.5729991227025464
0.09165825765220316,0.5431192660550459,0.5729921438226301
0.09182643794147326,0.5439560439560439,0.5729861731460384
0.09199461823074336,0.5429616087751371,0.5728692761452475
0.09216279852001345,0.541970802919708,0.5727633168071021
0.09233097880928355,0.5409836065573771,0.5727460482947383
0.09249915909855365,0.5418181818181819,0.5727340099982865
0.09266733938782375,0.542649727767695,0.5726598182202607
0.09283551967709384,0.5416666666666666,0.5726580365372238
0.09300369996636394,0.5406871609403255,0.5726441229856976
0.09317188025563404,0.5397111913357401,0.5726142191842577
0.09334006054490414,0.5405405405405406,0.572502645494332
0.09350824083417424,0.5413669064748201,0.5724665285969021
0.09367642112344433,0.5403949730700179,0.5724313446403546
0.09384460141271443,0.5412186379928315,0.5724223314950235
0.09401278170198453,0.5420393559928444,0.5723932735262296
0.09418096199125463,0.5410714285714285,0.572301487936246
0.09434914228052473,0.5418894830659536,0.5722867226270828
0.09451732256979482,0.5427046263345195,0.572284210494685
0.09468550285906492,0.5435168738898757,0.5722224810196302
0.09485368314833502,0.5425531914893617,0.572183825025674
0.09502186343760512,0.5433628318584071,0.5721134110459984
0.09519004372687521,0.5441696113074205,0.5720881032923952
0.09535822401614531,0.544973544973545,0.5719567844061287
0.09552640430541541,0.5440140845070423,0.5719524170880484
0.09569458459468551,0.5430579964850615,0.5719018072424872
0.0958627648839556,0.543859649122807,0.5718821304167614
0.0960309451732257,0.5446584938704028,0.5717786964407404
0.0961991254624958,0.5454545454545454,0.5717781316974867
0.0963673057517659,0.5445026178010471,0.5716524954366304
0.09653548604103598,0.5452961672473867,0.5716467143394014
0.09670366633030608,0.5443478260869565,0.5716333748113942
0.09687184661957618,0.5434027777777778,0.5716155191324274
0.09704002690884628,0.5441941074523396,0.5715863478821809
0.09720820719811638,0.5432525951557093,0.5714995368089109
0.09737638748738647,0.5440414507772021,0.5714925786765119
0.09754456777665657,0.5431034482758621,0.5714849583678319
0.09771274806592667,0.5421686746987951,0.5714686134924776
0.09788092835519677,0.5412371134020618,0.5714556524195566
0.09804910864446686,0.5420240137221269,0.5714520391894894
0.09821728893373696,0.5428082191780822,0.5714024028747404
0.09838546922300706,0.5418803418803418,0.5713878212532968
0.09855364951227716,0.5426621160409556,0.5713212037303991
0.09872182980154726,0.5417376490630323,0.5713110679355771
0.09889001009081735,0.5408163265306123,0.5711237466718093
0.09905819038008745,0.5398981324278438,0.5710928883986369
0.09922637066935755,0.5406779661016949,0.5710781716757327
0.09939455095862765,0.5414551607445008,0.5710483092181079
0.09956273124789775,0.5405405405405406,0.5709965136270823
0.09973091153716784,0.5396290050590219,0.5709958608116394
0.09989909182643794,0.5404040404040404,0.5709737776663224
0.10006727211570804,0.5411764705882353,0.570945877004457
0.10023545240497814,0.5419463087248322,0.570909392740022
0.10040363269424823,0.542713567839196,0.5708755982060252
0.10057181298351833,0.5434782608695652,0.5708626384111478
0.10073999327278843,0.5425709515859767,0.5708426644129011
0.10090817356205853,0.5433333333333333,0.5708136752252821
0.10107635385132863,0.5424292845257903,0.5706778850185439
0.10124453414059872,0.5431893687707641,0.5706096551747674
0.10141271442986882,0.5439469320066335,0.5705935495401254
0.10158089471913892,0.543046357615894,0.5705220009626184
0.10174907500840902,0.5421487603305785,0.5704983587246331
0.10191725529767912,0.5412541254125413,0.5704728745619682
0.10208543558694921,0.5420098846787479,0.5704699868014946
0.10225361587621931,0.5427631578947368,0.5704353559820059
0.10242179616548941,0.5435139573070608,0.5704173129101702
0.10258997645475951,0.5442622950819672,0.5703998187827342
0.1027581567440296,0.5450081833060556,0.5703591524488171
0.1029263370332997,0.5441176470588235,0.5703394455296267
0.1030945173225698,0.5448613376835236,0.5702825284154622
0.1032626976118399,0.5456026058631922,0.5702333423775259
0.10343087790111,0.5447154471544715,0.570218563243923
0.10359905819038008,0.5438311688311688,0.5702099583257972
0.10376723847965018,0.5445705024311183,0.5701423939178722
0.10393541876892028,0.5436893203883495,0.5701418931972208
0.10410359905819037,0.5444264943457189,0.5700883152028717
0.10427177934746047,0.5435483870967742,0.5700121555132404
0.10443995963673057,0.5426731078904992,0.5700079762037005
0.10460813992600067,0.5418006430868167,0.5699797973461562
0.10477632021527077,0.5425361155698234,0.5699349702168511
0.10494450050454086,0.5432692307692307,0.5698989681984725
0.10511268079381096,0.544,0.5698835273517565
0.10528086108308106,0.5447284345047924,0.5698802694944373
0.10544904137235116,0.543859649122807,0.5697274695185176
0.10561722166162126,0.5445859872611465,0.5697137782889569
0.10578540195089135,0.5437201907790143,0.5696692872886413
0.10595358224016145,0.5444444444444444,0.5696301526517413
0.10612176252943155,0.5435816164817749,0.5696214511231429
0.10628994281870165,0.5443037974683544,0.5696086262561664
0.10645812310797174,0.5434439178515008,0.5695999569229968
0.10662630339724184,0.5425867507886435,0.5695989707718094
0.10679448368651194,0.5417322834645669,0.569578084201925
0.10696266397578204,0.5408805031446541,0.569487584970582
0.10713084426505214,0.5400313971742543,0.5694689669129579
0.10729902455432223,0.5391849529780565,0.5694594767436745
0.10746720484359233,0.5383411580594679,0.5694448961391766
0.10763538513286243,0.5390625,0.5694255689394087
0.10780356542213253,0.5382215288611545,0.5694226679702066
0.10797174571140263,0.5373831775700935,0.5693983952738415
0.10813992600067272,0.5381026438569206,0.5693857488462333
0.10830810628994282,0.5388198757763976,0.5693191034394729
0.10847628657921292,0.5395348837209303,0.5692010721616892
0.10864446686848302,0.5386996904024768,0.5691524441497353
0.10881264715775311,0.5394126738794436,0.5691504457507144
0.10898082744702321,0.5401234567901234,0.5691300409491673
0.10914900773629331,0.5408320493066255,0.5690749006472684
0.10931718802556341,0.5415384615384615,0.5690391905593476
0.1094853683148335,0.5422427035330261,0.5690359117424221
0.1096535486041036,0.5429447852760736,0.5689935365109542
0.1098217288933737,0.5421133231240429,0.568969541331241
0.1099899091826438,0.5412844036697247,0.5689679013570182
0.1101580894719139,0.5404580152671755,0.5689564614546184
0.110326269761184,0.5396341463414634,0.5689318190961246
0.1104944500504541,0.5388127853881278,0.5689298032945312
0.11066263033972419,0.5379939209726444,0.5689258813276878
0.11083081062899428,0.5371775417298937,0.5689074341621387
0.11099899091826437,0.5363636363636364,0.5688762782393997
0.11116717120753447,0.5370650529500757,0.5688187523979649
0.11133535149680457,0.5377643504531722,0.5688007459847665
0.11150353178607467,0.5384615384615384,0.5687452576020391
0.11167171207534476,0.5391566265060241,0.5687034602438321
0.11183989236461486,0.5398496240601504,0.5686858247860804
0.11200807265388496,0.539039039039039,0.5686002662253703
0.11217625294315506,0.5397301349325337,0.5685996788210843
0.11234443323242516,0.5404191616766467,0.5685894528908862
0.11251261352169525,0.5411061285500748,0.5685729438303231
0.11268079381096535,0.5417910447761194,0.5685666640262019
0.11284897410023545,0.5424739195230999,0.5685464476880446
0.11301715438950555,0.5431547619047619,0.5684908148639145
0.11318533467877565,0.5438335809806835,0.568487818979355
0.11335351496804574,0.5445103857566765,0.568467510324205
0.11352169525731584,0.5451851851851852,0.5684178774922259
0.11368987554658594,0.5458579881656804,0.5684139135346813
0.11385805583585604,0.5465288035450517,0.5684052660660096
0.11402623612512613,0.5471976401179941,0.5683949430317999
0.11419441641439623,0.5463917525773195,0.5683537205438322
0.11436259670366633,0.5470588235294118,0.5683347887561186
0.11453077699293643,0.5477239353891337,0.5683280310281235
0.11469895728220653,0.5483870967741935,0.5682555156955296
0.11486713757147662,0.5490483162518301,0.5682418072421326
0.11503531786074672,0.5497076023391813,0.5681434640619639
0.11520349815001682,0.5503649635036496,0.5681275394291291
0.11537167843928692,0.5495626822157434,0.5681220757404787
0.11553985872855702,0.5502183406113537,0.5681151864140793
0.11570803901782711,0.5508720930232558,0.5681010234625168
0.11587621930709721,0.5515239477503628,0.5680856024283756
0.11604439959636731,0.5507246376811594,0.5680759847745847
0.11621257988563741,0.5513748191027497,0.5680098900706184
0.1163807601749075,0.5520231213872833,0.5680091536178321
0.1165489404641776,0.5526695526695526,0.5679981407928516
0.1167171207534477,0.553314121037464,0.5679904735057394
0.1168853010427178,0.5525179856115108,0.5679096493517082
0.1170534813319879,0.5531609195402298,0.567888042302986
0.117221661621258,0.5538020086083214,0.5678835109211992
0.11738984191052809,0.5530085959885387,0.5678542556336122
0.11755802219979819,0.5522174535050072,0.5678327204234939
0.11772620248906829,0.5514285714285714,0.5677729682145316
0.11789438277833837,0.5520684736091298,0.5677302885896216
0.11806256306760847,0.5527065527065527,0.5677037472560763
0.11823074335687857,0.5533428165007113,0.56768478381882
0.11839892364614867,0.5525568181818182,0.5676814306615473
0.11856710393541876,0.5531914893617021,0.5676393237636141
0.11873528422468886,0.5538243626062322,0.5676331939073604
0.11890346451395896,0.553041018387553,0.5676252172566707
0.11907164480322906,0.5536723163841808,0.5676145014122261
0.11923982509249915,0.5543018335684062,0.5676066517216839
0.11940800538176925,0.5549295774647888,0.5674952075546755
0.11957618567103935,0.5541490857946554,0.5674813238324068
0.11974436596030945,0.5547752808988764,0.5674046964269539
0.11991254624957955,0.5553997194950911,0.5672231461051318
0.12008072653884964,0.5560224089635855,0.5672174371008656
0.12024890682811974,0.5566433566433566,0.5671503838680323
0.12041708711738984,0.5572625698324022,0.5670759539144147
0.12058526740665994,0.5578800557880056,0.5670707301430824
0.12075344769593004,0.5571030640668524,0.5670549713434412
0.12092162798520013,0.5563282336578581,0.5670293080927006
0.12108980827447023,0.5555555555555556,0.5670035384918228
0.12125798856374033,0.5561719833564494,0.5669783944669678
0.12142616885301043,0.5554016620498615,0.5669630769726772
0.12159434914228053,0.5560165975103735,0.566956405824139
0.12176252943155062,0.5566298342541437,0.5669442407120967
0.12193070972082072,0.5558620689655173,0.5669346295753206
0.12209889001009082,0.5564738292011019,0.5668485527719369
0.12226707029936092,0.5570839064649243,0.5668441835677289
0.12243525058863101,0.5576923076923077,0.5668396712322141
0.12260343087790111,0.5582990397805213,0.5667974548550292
0.12277161116717121,0.5575342465753425,0.5667617573183771
0.12293979145644131,0.5567715458276333,0.5667606194391301
0.1231079717457114,0.5573770491803278,0.5667475462747802
0.1232761520349815,0.557980900409277,0.5667468544234587
0.1234443323242516,0.5572207084468664,0.5667412304208956
0.1236125126135217,0.5578231292517006,0.5667191637095185
0.1237806929027918,0.5584239130434783,0.5666195200311774
0.1239488731920619,0.5576662143826323,0.5666069086020357
0.124117053481332,0.5582655826558266,0.5666004083503565
0.12428523377060209,0.557510148849797,0.5665514738404158
0.12445341405987219,0.5567567567567567,0.5665301285055744
0.12462159434914229,0.5573549257759784,0.56648154478987
0.12478977463841238,0.5566037735849056,0.5664572135392529
0.12495795492768248,0.5558546433378196,0.5664226312683758
0.12512613521695257,0.5564516129032258,0.5664001830435946
0.12529431550622266,0.5570469798657718,0.5663942617761237
0.12546249579549276,0.5576407506702413,0.5663811965060326
0.12563067608476286,0.5568942436412316,0.5663795574297626
0.12579885637403296,0.5561497326203209,0.5663788447138584
0.12596703666330306,0.5567423230974633,0.5663632818790786
0.12613521695257315,0.556,0.5663587643455607
0.12630339724184325,0.5552596537949401,0.5663545220701479
0.12647157753111335,0.5545212765957447,0.5663379789619081
0.12663975782038345,0.5551128818061088,0.5663305077036377
0.12680793810965355,0.5557029177718833,0.5662328939151278
0.12697611839892364,0.5549668874172186,0.5662256257133294
0.12714429868819374,0.5542328042328042,0.5661998491224814
0.12731247897746384,0.5535006605019815,0.5661975195823381
0.12748065926673394,0.554089709762533,0.5661279696365611
0.12764883955600403,0.5533596837944664,0.5661153696301682
0.12781701984527413,0.5526315789473685,0.5660477081759169
0.12798520013454423,0.5532194480946123,0.5660438403354845
0.12815338042381433,0.5538057742782152,0.5660425891649078
0.12832156071308443,0.5530799475753604,0.5660193908888086
0.12848974100235452,0.5523560209424084,0.5659667493199768
0.12865792129162462,0.5516339869281046,0.5659666309660975
0.12882610158089472,0.5509138381201044,0.5659617897117714
0.12899428187016482,0.5514993481095176,0.5659459231455151
0.12916246215943492,0.55078125,0.5659111090440692
0.129330642448705,0.5513654096228868,0.5658678776578747
0.1294988227379751,0.5506493506493506,0.5658677493269478
0.1296670030272452,0.5499351491569391,0.5658648723751587
0.1298351833165153,0.5505181347150259,0.5658332954756127
0.1300033636057854,0.5498059508408797,0.5658247949948662
0.1301715438950555,0.5503875968992248,0.5658229390556871
0.1303397241843256,0.5496774193548387,0.565813061947472
0.1305079044735957,0.5502577319587629,0.5657858417979883
0.1306760847628658,0.5508365508365508,0.565781758644354
0.1308442650521359,0.5501285347043702,0.5657706150055113
0.131012445341406,0.5507060333761232,0.5657507118759029
0.1311806256306761,0.55,0.5657465825273758
0.1313488059199462,0.5492957746478874,0.5657391560937166
0.13151698620921629,0.5485933503836317,0.5657134737155379
0.13168516649848638,0.5478927203065134,0.5656693783144847
0.13185334678775648,0.5471938775510204,0.5656487637461158
0.13202152707702658,0.5464968152866242,0.5656295546806357
0.13218970736629668,0.5470737913486005,0.5655169508952828
0.13235788765556677,0.5476493011435832,0.5654567845474301
0.13252606794483687,0.5482233502538071,0.565342899815415
0.13269424823410697,0.5487959442332065,0.5653313872016708
0.13286242852337707,0.5481012658227848,0.5653002513219839
0.13303060881264717,0.5474083438685209,0.5652974711457979
0.13319878910191726,0.5467171717171717,0.5652792180069747
0.13336696939118736,0.5472887767969735,0.5652773098044738
0.13353514968045746,0.5478589420654912,0.565272532723635
0.13370332996972756,0.5471698113207547,0.5652647074935454
0.13387151025899766,0.5464824120603015,0.5652470708497168
0.13403969054826775,0.5470514429109159,0.5652402024143912
0.13420787083753785,0.5463659147869674,0.5652021459163734
0.13437605112680795,0.5456821026282853,0.5651800453397052
0.13454423141607805,0.54625,0.5651253671940657
0.13471241170534815,0.5455680399500624,0.5651204677875876
0.13488059199461824,0.5461346633416458,0.5650755001876112
0.13504877228388834,0.5454545454545454,0.5649966999689414
0.13521695257315844,0.5460199004975125,0.5649759305784536
0.13538513286242854,0.5453416149068323,0.5649603790383612
0.13555331315169863,0.5446650124069479,0.564885523026433
0.1357214934409687,0.5439900867410161,0.5648376394054031
0.1358896737302388,0.5433168316831684,0.5648116353685472
0.1360578540195089,0.5426452410383189,0.5647933002076766
0.136226034308779,0.5432098765432098,0.5647883790529965
0.1363942145980491,0.5425400739827374,0.5647790228114814
0.1365623948873192,0.5431034482758621,0.5647788012631353
0.1367305751765893,0.5436654366543665,0.5647258606078501
0.1368987554658594,0.5442260442260443,0.5647241319662973
0.1370669357551295,0.5435582822085889,0.5647228176911744
0.13723511604439959,0.5428921568627451,0.564675213006204
0.13740329633366968,0.5422276621787026,0.564637710030911
0.13757147662293978,0.5427872860635696,0.564602517279915
0.13773965691220988,0.5421245421245421,0.5645835502352018
0.13790783720147998,0.5426829268292683,0.564576801548282
0.13807601749075007,0.5432399512789281,0.5645549387479573
0.13824419778002017,0.5425790754257908,0.5645536468314014
0.13841237806929027,0.543134872417983,0.5645519394411982
0.13858055835856037,0.5436893203883495,0.5645284847466978
0.13874873864783047,0.5430303030303031,0.5644727291747254
0.13891691893710056,0.5423728813559322,0.5643682994521181
0.13908509922637066,0.5429262394195888,0.5643646545627719
0.13925327951564076,0.5434782608695652,0.5643412834187058
0.13942145980491086,0.5428226779252111,0.564316870544982
0.13958964009418096,0.5433734939759036,0.5643074371261299
0.13975782038345105,0.5439229843561973,0.5642955079523878
0.13992600067272115,0.5432692307692307,0.5642514289177304
0.14009418096199125,0.5438175270108043,0.564227224247908
0.14026236125126135,0.5431654676258992,0.5641847293537801
0.14043054154053144,0.5425149700598803,0.5641838928645645
0.14059872182980154,0.5418660287081339,0.5641620902818528
0.14076690211907164,0.5412186379928315,0.5641404145863576
0.14093508240834174,0.5405727923627685,0.5641378635969454
0.14110326269761184,0.5399284862932062,0.5641300965299579
0.14127144298688193,0.5404761904761904,0.5640868103013008
0.14143962327615203,0.5410225921521997,0.5640829707134105
0.14160780356542213,0.5415676959619953,0.5640620878280248
0.14177598385469223,0.5421115065243179,0.5640521579165009
0.14194416414396233,0.5414691943127962,0.5640413649368297
0.14211234443323242,0.5420118343195266,0.564013251100941
0.14228052472250252,0.5425531914893617,0.5639673651474065
0.14244870501177262,0.5419126328217237,0.5639373415211594
0.14261688530104272,0.5412735849056604,0.5638768685100681
0.14278506559031282,0.541813898704358,0.5638551677708173
0.1429532458795829,0.5423529411764706,0.563827095505187
0.143121426168853,0.5428907168037603,0.5638052006030546
0.1432896064581231,0.5434272300469484,0.5637842119819179
0.1434577867473932,0.5439624853458382,0.5637802950393864
0.1436259670366633,0.544496487119438,0.5637154836579412
0.1437941473259334,0.5450292397660819,0.5636986629869127
0.1439623276152035,0.544392523364486,0.563647739191585
0.1441305079044736,0.543757292882147,0.563641726117806
0.1442986881937437,0.5442890442890443,0.5636314268271162
0.1444668684830138,0.5448195576251456,0.5636162481014935
0.1446350487722839,0.5441860465116279,0.563605756618291
0.144803229061554,0.5447154471544715,0.5635913318360469
0.1449714093508241,0.5440835266821346,0.5635394540806888
0.14513958964009419,0.5434530706836617,0.5635326776939691
0.14530776992936428,0.5428240740740741,0.5635256024687826
0.14547595021863438,0.5433526011560693,0.5634708458273677
0.14564413050790448,0.5427251732101617,0.5634635786681347
0.14581231079717458,0.5420991926182238,0.563432717605639
0.14598049108644467,0.5414746543778802,0.5634195983397053
0.14614867137571477,0.5408515535097813,0.5634059255289625
0.14631685166498487,0.5402298850574713,0.5634025621841565
0.14648503195425497,0.5407577497129736,0.5633454036725636
0.14665321224352507,0.5412844036697247,0.5633437614895992
0.14682139253279516,0.5406643757159221,0.5633280429404058
0.14698957282206526,0.5411899313501144,0.5633259854340454
0.14715775311133536,0.5417142857142857,0.5633235319884106
0.14732593340060546,0.541095890410959,0.5633141677303429
0.14749411368987556,0.5416191562143672,0.5632945295779507
0.14766229397914565,0.541002277904328,0.5632652771855423
0.14783047426841575,0.5415244596131968,0.5631912812777375
0.14799865455768585,0.5420454545454545,0.5631897435782418
0.14816683484695595,0.5425652667423383,0.5631342223191691
0.14833501513622604,0.5419501133786848,0.5631340812082202
0.14850319542549614,0.5424688561721405,0.5631312865701417
0.14867137571476624,0.5429864253393665,0.563122768428992
0.14883955600403634,0.5423728813559322,0.5631141025057034
0.14900773629330644,0.5428893905191874,0.5631057725828162
0.14917591658257653,0.5422773393461104,0.5630545838757374
0.14934409687184663,0.5416666666666666,0.5630487079598229
0.14951227716111673,0.5410573678290214,0.5630209004771728
0.14968045745038683,0.5415730337078651,0.5630139719954139
0.14984863773965693,0.5420875420875421,0.5629528827853401
0.150016818028927,0.5426008968609866,0.5629295898987449
0.1501849983181971,0.5431131019036954,0.5629026982863695
0.1503531786074672,0.5425055928411633,0.5628937936851343
0.1505213588967373,0.5418994413407822,0.5628302040590488
0.1506895391860074,0.5424107142857143,0.5628239880010115
0.15085771947527749,0.5429208472686734,0.5628234776915001
0.15102589976454758,0.5434298440979956,0.5628165534480403
0.15119408005381768,0.5439377085650723,0.5628052711183449
0.15136226034308778,0.5433333333333333,0.5628016337343202
0.15153044063235788,0.5438401775804661,0.5628007662695846
0.15169862092162797,0.5443458980044346,0.5627869230490304
0.15186680121089807,0.5448504983388704,0.5627574950879518
0.15203498150016817,0.5453539823008849,0.5626732973049897
0.15220316178943827,0.5447513812154696,0.5626347148883837
0.15237134207870837,0.5452538631346578,0.5626093697715112
0.15253952236797846,0.5446527012127894,0.5625773166613076
0.15270770265724856,0.5440528634361234,0.562569622087936
0.15287588294651866,0.5434543454345434,0.5625603196168077
0.15304406323578876,0.5439560439560439,0.5625479191687217
0.15321224352505886,0.544456641053787,0.5625459821599993
0.15338042381432895,0.543859649122807,0.562540905958018
0.15354860410359905,0.5432639649507119,0.5625401629879491
0.15371678439286915,0.5437636761487965,0.5625388024215349
0.15388496468213925,0.5442622950819672,0.5624960718876318
0.15405314497140934,0.5436681222707423,0.5624750796554462
0.15422132526067944,0.5430752453653217,0.5624295100227359
0.15438950554994954,0.5435729847494554,0.5623636080515256
0.15455768583921964,0.544069640914037,0.5623567472491358
0.15472586612848974,0.5434782608695652,0.5623481837209957
0.15489404641775983,0.5428881650380022,0.5623250479328158
0.15506222670702993,0.5422993492407809,0.5622996033128426
0.15523040699630003,0.5417118093174431,0.562286664841318
0.15539858728557013,0.5422077922077922,0.5622826745426553
0.15556676757484023,0.5416216216216216,0.5622703719999542
0.15573494786411032,0.541036717062635,0.562206979096846
0.15590312815338042,0.540453074433657,0.5621726210729431
0.15607130844265052,0.540948275862069,0.5621666649333321
0.15623948873192062,0.5414424111948332,0.562153468819595
0.15640766902119072,0.5419354838709678,0.5621178848021413
0.1565758493104608,0.5424274973147154,0.5621167479072249
0.1567440295997309,0.5418454935622318,0.5620818203587751
0.156912209889001,0.5412647374062165,0.5620435975777563
0.1570803901782711,0.5417558886509636,0.5620125956867811
0.1572485704675412,0.5422459893048128,0.5619949257317639
0.1574167507568113,0.5416666666666666,0.5619903065241315
0.1575849310460814,0.5421558164354322,0.5619862744972667
0.1577531113353515,0.5415778251599147,0.5619415208865518
0.1579212916246216,0.5420660276890309,0.5619270032096195
0.1580894719138917,0.5414893617021277,0.5619128561002936
0.1582576522031618,0.5419766206163655,0.5619101159836162
0.1584258324924319,0.5424628450106157,0.5619083683918524
0.158594012781702,0.542948038176034,0.5618793166896746
0.15876219307097209,0.5423728813559322,0.5618247639727795
0.15893037336024218,0.5428571428571428,0.5618132219256464
0.15909855364951228,0.5433403805496829,0.5617787647288444
0.15926673393878238,0.5438225976768744,0.5617564666586736
0.15943491422805248,0.5432489451476793,0.5617382496010667
0.15960309451732257,0.5437302423603794,0.5617302041702731
0.15977127480659267,0.5442105263157895,0.5617110064868369
0.15993945509586277,0.5436382754994742,0.5616846981860689
0.16010763538513287,0.5441176470588235,0.5616416599040666
0.16027581567440297,0.5445960125918153,0.561621182682433
0.16044399596367306,0.5440251572327044,0.5616064217930509
0.16061217625294316,0.5445026178010471,0.5615328657252193
0.16078035654221326,0.5439330543933054,0.5615282429054624
0.16094853683148336,0.5433646812957158,0.5614955671126991
0.16111671712075346,0.5438413361169102,0.5614727322326403
0.16128489741002355,0.5443169968717414,0.5614429544899118
0.16145307769929365,0.54375,0.5614309682849334
0.16162125798856375,0.5431841831425598,0.5614153731407291
0.16178943827783385,0.5436590436590436,0.5613127903705368
0.16195761856710394,0.5430944963655244,0.5613067844930377
0.16212579885637404,0.5435684647302904,0.5612453488453226
0.16229397914564414,0.5440414507772021,0.561226160048641
0.16246215943491424,0.5445134575569358,0.5612143698495842
0.16263033972418434,0.5449844881075491,0.5612015170910295
0.16279852001345443,0.5444214876033058,0.561121528980278
0.16296670030272453,0.543859649122807,0.5611194957568144
0.16313488059199463,0.5432989690721649,0.5611181049782266
0.16330306088126473,0.5437693099897013,0.5611009571965668
0.16347124117053483,0.5442386831275721,0.5610674229537892
0.16363942145980492,0.5447070914696814,0.5610559597499852
0.16380760174907502,0.5441478439425051,0.5610556623491166
0.16397578203834512,0.5446153846153846,0.5610370525003732
0.16414396232761522,0.5450819672131147,0.5610005235234483
0.1643121426168853,0.5455475946775844,0.5609926711743914
0.16448032290615539,0.5460122699386503,0.5609639868266317
0.16464850319542548,0.5464759959141982,0.5609453805447973
0.16481668348469558,0.5459183673469388,0.5609256532598272
0.16498486377396568,0.54638124362895,0.5608699677138784
0.16515304406323578,0.5468431771894093,0.5608669076759483
0.16532122435250587,0.5473041709053916,0.5608349485748448
0.16548940464177597,0.5477642276422764,0.5607980181058206
0.16565758493104607,0.5472081218274112,0.560790063599811
0.16582576522031617,0.5476673427991886,0.5607749979943983
0.16599394550958627,0.547112462006079,0.5607015339413983
0.16616212579885636,0.5465587044534413,0.5607009697968774
0.16633030608812646,0.5460060667340748,0.5606973726403522
0.16649848637739656,0.5454545454545454,0.5606967599306768
0.16666666666666666,0.544904137235116,0.56062654066981
0.16683484695593676,0.5453629032258065,0.5605254863785158
0.16700302724520685,0.5458207452165156,0.5605151705973108
0.16717120753447695,0.545271629778672,0.5604854805685886
0.16733938782374705,0.5457286432160804,0.5604839193945099
0.16750756811301715,0.5461847389558233,0.5604509496490598
0.16767574840228724,0.5456369107321966,0.5603734405812386
0.16784392869155734,0.5460921843687375,0.5603513538469079
0.16801210898082744,0.5465465465465466,0.5603438209967714
0.16818028927009754,0.546,0.5603401269317316
0.16834846955936764,0.5454545454545454,0.5602996294788334
0.16851664984863773,0.5459081836327345,0.560291382974811
0.16868483013790783,0.5463609172482552,0.5602482148382442
0.16885301042717793,0.546812749003984,0.5602463962958905
0.16902119071644803,0.5472636815920398,0.5602382553416572
0.16918937100571813,0.5467196819085487,0.5602369330343667
0.16935755129498822,0.5471698113207547,0.5602297012250957
0.16952573158425832,0.5466269841269841,0.5601843596907888
0.16969391187352842,0.5470763131813677,0.5601661082570568
0.16986209216279852,0.5475247524752476,0.5601505045418498
0.17003027245206861,0.5469831849653808,0.5600603157940512
0.1701984527413387,0.5464426877470355,0.5600573505099701
0.1703666330306088,0.5468904244817374,0.5600141444360867
0.1705348133198789,0.5473372781065089,0.559979096931553
0.170702993609149,0.5467980295566502,0.5599736107733259
0.1708711738984191,0.5462598425196851,0.5599459211815441
0.1710393541876892,0.5457227138643068,0.5598838074960477
0.1712075344769593,0.5451866404715128,0.559869690186051
0.1713757147662294,0.5446516192345436,0.5598363865872426
0.1715438950554995,0.5441176470588235,0.5598105916833713
0.1717120753447696,0.544564152791381,0.559760020446436
0.1718802556340397,0.5440313111545988,0.5597108648227337
0.1720484359233098,0.544477028347996,0.559704887855242
0.1722166162125799,0.5439453125,0.5596976327990061
0.17238479650184999,0.5434146341463415,0.5596970384627432
0.17255297679112008,0.5428849902534113,0.5596926718697851
0.17272115708039018,0.5423563777994158,0.559680931654794
0.17288933736966028,0.541828793774319,0.5596685019949713
0.17305751765893038,0.5422740524781341,0.5596466716836382
0.17322569794820047,0.541747572815534,0.5595983954850839
0.17339387823747057,0.542192046556741,0.5595951177606638
0.17356205852674067,0.5426356589147286,0.5595737109902739
0.17373023881601077,0.5430784123910939,0.5595661792493734
0.17389841910528087,0.5425531914893617,0.5595655061015177
0.17406659939455096,0.5420289855072464,0.5595595093363723
0.17423477968382106,0.5424710424710425,0.5595375337090589
0.17440295997309116,0.5429122468659595,0.5595323445333599
0.17457114026236126,0.5433526011560693,0.5595126896131908
0.17473932055163136,0.5437921077959577,0.5595019479302762
0.17490750084090145,0.5432692307692307,0.5594922500647102
0.17507568113017155,0.542747358309318,0.5594913276547121
0.17524386141944165,0.5422264875239923,0.5594466709865541
0.17541204170871175,0.5417066155321189,0.5594229419940114
0.17558022199798184,0.5421455938697318,0.5594202665714614
0.17574840228725194,0.5416267942583732,0.5594180441096219
0.17591658257652204,0.5420650095602294,0.5594108676927146
0.17608476286579214,0.5415472779369628,0.5593389001328829
0.17625294315506224,0.5419847328244275,0.5593336745387507
0.17642112344433233,0.5424213536701621,0.5593138413203447
0.17658930373360243,0.5428571428571428,0.5592884432325785
0.17675748402287253,0.5423406279733587,0.5592698482010529
0.17692566431214263,0.5418250950570342,0.5592559836144073
0.17709384460141273,0.5422602089268755,0.5592511555619226
0.17726202489068282,0.5426944971537002,0.5592497304262358
0.17743020517995292,0.543127962085308,0.5592206950569987
0.17759838546922302,0.5435606060606061,0.559216853126824
0.17776656575849312,0.5439924314096499,0.5592110791341591
0.17793474604776321,0.5434782608695652,0.5591613835101651
0.1781029263370333,0.5439093484419264,0.5591419119535544
0.1782711066263034,0.5433962264150943,0.5591385253323531
0.1784392869155735,0.5438265786993403,0.5590817582505724
0.17860746720484358,0.5433145009416196,0.5590806067223791
0.17877564749411368,0.5437441204139228,0.5590550863396162
0.17894382778338377,0.5441729323308271,0.5590287837349881
0.17911200807265387,0.543661971830986,0.559021784761227
0.17928018836192397,0.5440900562851783,0.5589968027231913
0.17944836865119407,0.5445173383317713,0.5589735006778335
0.17961654894046417,0.5440074906367042,0.5589582009599532
0.17978472922973426,0.5434985968194574,0.5588874969560376
0.17995290951900436,0.5439252336448598,0.5588603328849174
0.18012108980827446,0.5443510737628384,0.5588598901740193
0.18028927009754456,0.5447761194029851,0.5588407916389379
0.18045745038681466,0.5452003727865797,0.55881648644835
0.18062563067608475,0.5456238361266295,0.558779293168661
0.18079381096535485,0.546046511627907,0.5587718947255997
0.18096199125462495,0.5455390334572491,0.5587263457022049
0.18113017154389505,0.5459610027855153,0.5587119916691378
0.18129835183316514,0.5454545454545454,0.5586706065224664
0.18146653212243524,0.5449490268767377,0.5586602946762972
0.18163471241170534,0.5444444444444444,0.5586505171115367
0.18180289270097544,0.543940795559667,0.5586244061097695
0.18197107299024554,0.544362292051756,0.5586207129773724
0.18213925327951563,0.5447830101569714,0.5586178380976609
0.18230743356878573,0.5452029520295203,0.5585897295460949
0.18247561385805583,0.5456221198156682,0.5585672853564901
0.18264379414732593,0.5460405156537753,0.5585660475670818
0.18281197443659603,0.546458141674333,0.5585577493717859
0.18298015472586612,0.546875,0.5585366681559027
0.18314833501513622,0.5463728191000918,0.5585325560674169
0.18331651530440632,0.5467889908256881,0.5584719994041
0.18348469559367642,0.5472043996333639,0.5584708613197462
0.18365287588294651,0.5476190476190477,0.5584692631301242
0.1838210561722166,0.5471180237877402,0.5584127011719069
0.1839892364614867,0.5475319926873857,0.5584095705082412
0.1841574167507568,0.547945205479452,0.5583633813716715
0.1843255970400269,0.5474452554744526,0.5583556083171497
0.184493777329297,0.5478577939835916,0.55835418672489
0.1846619576185671,0.5482695810564663,0.5583511159237233
0.1848301379078372,0.5477707006369427,0.5583494417926698
0.1849983181971073,0.5481818181818182,0.5583486828601751
0.1851664984863774,0.547683923705722,0.5583022346509597
0.1853346787756475,0.5471869328493648,0.5582906184314061
0.1855028590649176,0.5475974614687217,0.5582823665576467
0.1856710393541877,0.5480072463768116,0.5582749700569597
0.1858392196434578,0.5475113122171946,0.5582461172280954
0.18600739993272788,0.5470162748643761,0.5582238675472241
0.18617558022199798,0.5474254742547425,0.5582158697268745
0.18634376051126808,0.5478339350180506,0.5582085666374209
0.18651194080053818,0.5482416591523895,0.5581872302831367
0.18668012108980828,0.5477477477477477,0.5581425640786667
0.18684830137907837,0.5472547254725473,0.5580578851638779
0.18701648166834847,0.5467625899280576,0.5580572391619707
0.18718466195761857,0.5462713387241689,0.5580554851913396
0.18735284224688867,0.5457809694793537,0.5580537931890965
0.18752102253615877,0.5452914798206278,0.5580264138434277
0.18768920282542886,0.5456989247311828,0.5580101151544606
0.18785738311469896,0.5461056401074306,0.5579996153731659
0.18802556340396906,0.5456171735241503,0.5579799813756395
0.18819374369323916,0.5460232350312779,0.5579158809201835
0.18836192398250926,0.5455357142857142,0.5579091076070222
0.18853010427177935,0.5459411239964318,0.557879432238389
0.18869828456104945,0.5463458110516934,0.5578741938300825
0.18886646485031955,0.5467497773820125,0.557846524173774
0.18903464513958965,0.547153024911032,0.5578428584279188
0.18920282542885974,0.5475555555555556,0.5578393771535934
0.18937100571812984,0.5479573712255773,0.5578191279388276
0.18953918600739994,0.5483584738243124,0.5577842612479755
0.18970736629667004,0.5487588652482269,0.5577701560335483
0.18987554658594014,0.5491585473870682,0.5577599347856284
0.19004372687521023,0.5486725663716814,0.5577479869277279
0.19021190716448033,0.5490716180371353,0.5577478357254562
0.19038008745375043,0.549469964664311,0.5577150288068393
0.19054826774302053,0.5489849955869374,0.5577106054627282
0.19071644803229063,0.5493827160493827,0.5576545800321386
0.19088462832156072,0.5488986784140969,0.5576267770603918
0.19105280861083082,0.5492957746478874,0.557618426635438
0.19122098890010092,0.5488126649076517,0.5576022747117616
0.19138916918937102,0.5492091388400703,0.5575802711668795
0.19155734947864111,0.5487269534679543,0.5575365479211674
0.1917255297679112,0.5491228070175439,0.5574941790667093
0.1918937100571813,0.5495179666958808,0.5574478625898486
0.1920618903464514,0.5499124343257443,0.5573453183357192
0.1922300706357215,0.5494313210848644,0.5573199385382636
0.1923982509249916,0.548951048951049,0.5572475807293948
0.1925664312142617,0.5493449781659389,0.5572280521140499
0.1927346115035318,0.5488656195462478,0.5572202075938142
0.19290279179280187,0.5492589363557105,0.5571706951376042
0.19307097208207197,0.5487804878048781,0.5571571516037005
0.19323915237134207,0.5491731940818103,0.557154680714119
0.19340733266061216,0.5495652173913044,0.5571397952370872
0.19357551294988226,0.5499565595134666,0.5571343326599167
0.19374369323915236,0.5503472222222222,0.5571227295400732
0.19391187352842246,0.5498699045967043,0.5571010750326796
0.19408005381769255,0.550259965337955,0.5570275935461315
0.19424823410696265,0.5497835497835498,0.5570078088488978
0.19441641439623275,0.5501730103806228,0.5569966143391509
0.19458459468550285,0.5496974935177182,0.5569835758250374
0.19475277497477295,0.5500863557858376,0.5569772383299515
0.19492095526404304,0.5504745470232959,0.5569067754770287
0.19508913555331314,0.5508620689655173,0.556901538667056
0.19525731584258324,0.5512489233419466,0.5568861282917086
0.19542549613185334,0.5507745266781411,0.5568292018025512
0.19559367642112344,0.5511607910576096,0.5567824439173334
0.19576185671039353,0.5506872852233677,0.5567804908806067
0.19593003699966363,0.5502145922746781,0.556763521563753
0.19609821728893373,0.5506003430531733,0.556763364924488
0.19626639757820383,0.5509854327335048,0.5567314843446072
0.19643457786747393,0.5513698630136986,0.5567031032622545
0.19660275815674402,0.5508982035928144,0.556653427365215
0.19677093844601412,0.5504273504273505,0.5566071333314417
0.19693911873528422,0.5508112724167379,0.5565941619341374
0.19710729902455432,0.5511945392491467,0.5565742747475518
0.19727547931382441,0.5515771526001705,0.556466099216962
0.1974436596030945,0.5519591141396933,0.5564446559537085
0.1976118398923646,0.5523404255319149,0.5564364392925933
0.1977800201816347,0.5527210884353742,0.5564208722517403
0.1979482004709048,0.5531011045029737,0.5564173502469238
0.1981163807601749,0.5534804753820034,0.5563809153620576
0.198284561049445,0.5538592027141646,0.5563771086129184
0.1984527413387151,0.5542372881355933,0.5563638064053605
0.1986209216279852,0.554614733276884,0.5563492827162925
0.1987891019172553,0.5549915397631133,0.5563332200931065
0.1989572822065254,0.555367709213863,0.5563287702546565
0.1991254624957955,0.5548986486486487,0.5563239871877138
0.1992936427850656,0.5544303797468354,0.5563174805936143
0.1994618230743357,0.5539629005059022,0.556316486346724
0.19963000336360578,0.5543386689132266,0.5563089528514265
0.19979818365287588,0.5547138047138047,0.5563042824529416
0.19996636394214598,0.5550883095037847,0.5562549063416722
0.20013454423141608,0.5554621848739496,0.5562279822282368
0.20030272452068618,0.5549958018471872,0.5561923506218143
0.20047090480995627,0.5545302013422819,0.5561044486370565
0.20063908509922637,0.5549036043587594,0.5561009360474527
0.20080726538849647,0.5552763819095478,0.5560811979985403
0.20097544567776657,0.5548117154811716,0.5560656936700055
0.20114362596703667,0.5543478260869565,0.5560365942907195
0.20131180625630676,0.5547201336675021,0.5560190478297112
0.20147998654557686,0.5550918196994992,0.5559772860174551
0.20164816683484696,0.554628857381151,0.5559508849532266
0.20181634712411706,0.5541666666666667,0.5559356275266423
0.20198452741338715,0.5545378850957535,0.5559231589144263
0.20215270770265725,0.5540765391014975,0.5559066145015218
0.20232088799192735,0.5536159600997507,0.5559035718775607
0.20248906828119745,0.5539867109634552,0.5558958599623558
0.20265724857046755,0.5543568464730291,0.5558887173008825
0.20282542885973764,0.554726368159204,0.5558838962808942
0.20299360914900774,0.5542667771333886,0.5558692456300507
0.20316178943827784,0.554635761589404,0.555854873663462
0.20332996972754794,0.554177005789909,0.5558228346613878
0.20349815001681804,0.5537190082644629,0.5558057171417237
0.20366633030608813,0.5532617671345995,0.5557747895252199
0.20383451059535823,0.5528052805280528,0.555719419416251
0.20400269088462833,0.5531739488870568,0.5557076368686232
0.20417087117389843,0.5527182866556837,0.5556872025034296
0.20433905146316853,0.5530864197530864,0.5556850146407428
0.20450723175243862,0.553453947368421,0.5556755117084805
0.20467541204170872,0.5538208709942481,0.5556517443656691
0.20484359233097882,0.5541871921182266,0.5556496224511095
0.20501177262024892,0.5545529122231337,0.5556360512002414
0.20517995290951901,0.5549180327868852,0.5555850855787846
0.2053481331987891,0.5552825552825553,0.5555705012933789
0.2055163134880592,0.5556464811783961,0.5555629450108635
0.2056844937773293,0.5560098119378577,0.5555578154935749
0.2058526740665994,0.5555555555555556,0.5555314118071558
0.2060208543558695,0.5559183673469388,0.5555070785127777
0.2061890346451396,0.5562805872756933,0.555468989513381
0.2063572149344097,0.5558272208638957,0.5554452998505317
0.2065253952236798,0.5553745928338762,0.5554429797093755
0.2066935755129499,0.5549227013832384,0.5554255952509677
0.20686175580222,0.5552845528455285,0.5554222171029038
0.2070299360914901,0.5548334687246141,0.555406807019127
0.20719811638076016,0.5551948051948052,0.5554067686888398
0.20736629667003026,0.5547445255474452,0.5553889024297114
0.20753447695930036,0.5542949756888168,0.5553855295123755
0.20770265724857045,0.5538461538461539,0.5553821965991442
0.20787083753784055,0.5542071197411004,0.5553748631222672
0.20803901782711065,0.5537590945836701,0.5553616417040975
0.20820719811638075,0.5541195476575121,0.5553613100457256
0.20837537840565085,0.5544794188861986,0.5553528705890289
0.20854355869492094,0.5548387096774193,0.5553478776274757
0.20871173898419104,0.5543916196615633,0.5553064597740031
0.20887991927346114,0.5539452495974235,0.5552985238835124
0.20904809956273124,0.5543041029766693,0.5552479892781974
0.20921627985200134,0.5546623794212219,0.5552285241120907
0.20938446014127143,0.5550200803212851,0.5552205486039632
0.20955264043054153,0.5553772070626003,0.5551939819593495
0.20972082071981163,0.5557337610264635,0.5551606517629745
0.20988900100908173,0.5560897435897436,0.5551492473441377
0.21005718129835182,0.5564451561248999,0.5551396609776421
0.21022536158762192,0.5568,0.5551303999251508
0.21039354187689202,0.5563549160671463,0.555057568092683
0.21056172216616212,0.5567092651757188,0.5550472689724543
0.21072990245543222,0.5570630486831604,0.5550420732255742
0.21089808274470231,0.5574162679425837,0.5550326198291725
0.2110662630339724,0.5577689243027888,0.5550267229476671
0.2112344433232425,0.5581210191082803,0.5550122922423446
0.2114026236125126,0.5576770087509945,0.5549771249945483
0.2115708039017827,0.5580286168521462,0.5549665973027272
0.2117389841910528,0.5575853852263701,0.5549602326714538
0.2119071644803229,0.5571428571428572,0.5549060853587295
0.212075344769593,0.5567010309278351,0.5548985590689899
0.2122435250588631,0.5570522979397782,0.5548630781068163
0.2124117053481332,0.5566112430720507,0.5548577544246425
0.2125798856374033,0.5569620253164557,0.5548121667963541
0.2127480659266734,0.5573122529644269,0.5547979730806829
0.2129162462159435,0.5576619273301737,0.5547956843025533
0.2130844265052136,0.5572217837411207,0.5547709655612995
0.21325260679448368,0.556782334384858,0.5547660837182325
0.21342078708375378,0.5571315996847912,0.5547605330464394
0.21358896737302388,0.5566929133858268,0.5547556882986114
0.21375714766229398,0.5562549173878836,0.5547249131859401
0.21392532795156408,0.5566037735849056,0.5547097666239362
0.21409350824083417,0.5569520816967792,0.5547051368302144
0.21426168853010427,0.5565149136577708,0.5546971226914039
0.21442986881937437,0.5568627450980392,0.5546965711960984
0.21459804910864447,0.5564263322884012,0.5546596840013781
0.21476622939791457,0.5559906029757243,0.5546594333934857
0.21493440968718466,0.5563380281690141,0.5546370127442123
0.21510258997645476,0.5559030492572322,0.5546337107077046
0.21527077026572486,0.55625,0.5546033347726798
0.21543895055499496,0.5565964090554254,0.5545865194724942
0.21560713084426505,0.5569422776911076,0.554539641353905
0.21577531113353515,0.5565081839438816,0.5545266220806357
0.21594349142280525,0.5568535825545171,0.5545150437185477
0.21611167171207535,0.556420233463035,0.5544997569084706
0.21627985200134545,0.5567651632970451,0.5544922134336357
0.21644803229061554,0.5563325563325563,0.5544813656279157
0.21661621257988564,0.5566770186335404,0.5544023464959386
0.21678439286915574,0.5570209464701319,0.5543958979400871
0.21695257315842584,0.5565891472868217,0.5543912778810756
0.21712075344769594,0.5561580170410535,0.5543870790938241
0.21728893373696603,0.5565015479876161,0.5543816194445175
0.21745711402623613,0.5568445475638051,0.5543693443385177
0.21762529431550623,0.5564142194744977,0.5543625537070042
0.21779347460477633,0.5567567567567567,0.5543227176056763
0.21796165489404642,0.5563271604938271,0.5543095262695243
0.21812983518331652,0.5558982266769468,0.5543072086711527
0.21829801547258662,0.5554699537750385,0.5543065682786736
0.21846619576185672,0.5550423402617398,0.5542976537416323
0.21863437605112682,0.5553846153846154,0.5542938464597031
0.21880255634039691,0.5557263643351268,0.554257176115017
0.218970736629667,0.5560675883256528,0.5542539710138936
0.2191389169189371,0.555640828856485,0.554235973206568
0.2193070972082072,0.5552147239263804,0.5542275238076373
0.2194752774974773,0.5547892720306513,0.5542209384877259
0.2196434577867474,0.5551301684532925,0.5542203785473777
0.2198116380760175,0.5547054322876818,0.5542139709333779
0.2199798183652876,0.555045871559633,0.5541820396875997
0.2201479986545577,0.5553857906799083,0.5541392060019696
0.2203161789438278,0.5557251908396946,0.5541292120206569
0.2204843592330979,0.5560640732265446,0.5541281286894396
0.220652539522368,0.555640243902439,0.5541280919093652
0.2208207198116381,0.555978674790556,0.5541043734498353
0.2209889001009082,0.5555555555555556,0.5540261097525909
0.22115708039017828,0.555893536121673,0.5540023654132088
0.22132526067944838,0.5562310030395137,0.5539906320348471
0.22149344096871845,0.5565679574791192,0.5539419701648616
0.22166162125798855,0.5561456752655539,0.5538905432214879
0.22182980154725865,0.5564821834723275,0.5538570888835941
0.22199798183652875,0.5568181818181818,0.5538538254620543
0.22216616212579884,0.5563966691900075,0.553849865058959
0.22233434241506894,0.556732223903177,0.5538337750262834
0.22250252270433904,0.5563114134542706,0.5538331400326353
0.22267070299360914,0.5566465256797583,0.5538257031720377
0.22283888328287924,0.5569811320754717,0.553823985824994
0.22300706357214933,0.557315233785822,0.5538150581386421
0.22317524386141943,0.5568952524491334,0.5537982804596843
0.22334342415068953,0.5564759036144579,0.5537954639534288
0.22351160443995963,0.5568096313017307,0.553785195880893
0.22367978472922972,0.556390977443609,0.5537279332392124
0.22384796501849982,0.5559729526671675,0.5537016413673505
0.22401614530776992,0.5555555555555556,0.5536222934085857
0.22418432559704002,0.5558889722430608,0.553607314791337
0.22435250588631012,0.5562218890554723,0.553591639311453
0.22452068617558021,0.5565543071161049,0.5535783625332673
0.2246888664648503,0.5568862275449101,0.553560343478268
0.2248570467541204,0.5572176514584891,0.5535558482260745
0.2250252270433905,0.5575485799701047,0.5535295470633803
0.2251934073326606,0.5571321882001493,0.5535292685981217
0.2253615876219307,0.5574626865671641,0.5534642358807252
0.2255297679112008,0.5570469798657718,0.5534533658235531
0.2256979482004709,0.5573770491803278,0.5534532630953499
0.225866128489741,0.5577066269545793,0.5534139145462031
0.2260343087790111,0.5580357142857143,0.5534064626058752
0.2262024890682812,0.5576208178438662,0.5534056506189342
0.2263706693575513,0.5572065378900446,0.5534051587992532
0.2265388496468214,0.5575352635486266,0.553400170335122
0.2267070299360915,0.5571216617210683,0.5533673637910563
0.22687521022536158,0.5567086730911787,0.5532902970999741
0.22704339051463168,0.5562962962962963,0.5532630860342042
0.22721157080390178,0.5558845299777943,0.5532619706285155
0.22737975109317188,0.5562130177514792,0.5532538483229361
0.22754793138244198,0.5565410199556541,0.553249032097928
0.22771611167171207,0.5561299852289513,0.5532457164233944
0.22788429196098217,0.5564575645756458,0.5532410148042166
0.22805247225025227,0.556047197640118,0.5532404064726649
0.22822065253952237,0.5563743551952837,0.5532187059084626
0.22838883282879247,0.5567010309278351,0.5532126866462141
0.22855701311806256,0.5570272259013981,0.5532067157001319
0.22872519340733266,0.5573529411764706,0.5531598555149211
0.22889337369660276,0.5569434239529758,0.5531509836585382
0.22906155398587286,0.5565345080763583,0.5531504383491667
0.22922973427514295,0.5568598679383713,0.5531475918547878
0.22939791456441305,0.5571847507331378,0.5531402732499796
0.22956609485368315,0.5567765567765568,0.5531260664124015
0.22973427514295325,0.5571010248901903,0.5531163068196012
0.22990245543222335,0.5574250182882224,0.553107132853087
0.23007063572149344,0.5577485380116959,0.5530543976065107
0.23023881601076354,0.5573411249086925,0.5529935776898134
0.23040699630003364,0.5576642335766423,0.5529824148732291
0.23057517658930374,0.5572574762946754,0.5529777821180685
0.23074335687857384,0.5575801749271136,0.5529769637514365
0.23091153716784393,0.5579024034959942,0.5529591905842839
0.23107971745711403,0.5574963609898108,0.55294541264146
0.23124789774638413,0.5578181818181818,0.5528654674005826
0.23141607803565423,0.5574127906976745,0.5527571286111883
0.23158425832492432,0.5577342047930284,0.5527139105961341
0.23175243861419442,0.558055152394775,0.5526794682330454
0.23192061890346452,0.5576504713560552,0.552659855142307
0.23208879919273462,0.5572463768115942,0.5526512159327526
0.23225697948200472,0.556842867487328,0.5526357311394181
0.23242515977127481,0.557163531114327,0.5526261866740364
0.2325933400605449,0.5574837310195228,0.5526229965955969
0.232761520349815,0.5570809248554913,0.5526075993996773
0.2329297006390851,0.5574007220216607,0.5525998842756787
0.2330978809283552,0.556998556998557,0.552594166402192
0.2332660612176253,0.5573179524152848,0.5525780034332047
0.2334342415068954,0.5569164265129684,0.5525563395917467
0.2336024217961655,0.5572354211663066,0.5525398933549225
0.2337706020854356,0.5568345323741007,0.5525307121823148
0.2339387823747057,0.5571531272465852,0.5525105484165469
0.2341069626639758,0.5574712643678161,0.552470969288489
0.2342751429532459,0.5577889447236181,0.5524395222267856
0.234443323242516,0.5581061692969871,0.5524136533950366
0.2346115035317861,0.5577060931899641,0.5523988944147405
0.23477968382105618,0.5573065902578797,0.5523967644182767
0.23494786411032628,0.5576234788833214,0.5523890310898704
0.23511604439959638,0.5579399141630901,0.5523749437585179
0.23528422468886648,0.557541100786276,0.5523632881112963
0.23545240497813658,0.5578571428571428,0.5523597659773898
0.23562058526740667,0.5574589578872234,0.5523456046480466
0.23578876555667674,0.557774607703281,0.5523228834852044
0.23595694584594684,0.5573770491803278,0.5522580094349884
0.23612512613521694,0.5569800569800569,0.5522508073169623
0.23629330642448704,0.5565836298932384,0.5522208837339846
0.23646148671375714,0.5561877667140825,0.5521946579785614
0.23662966700302723,0.5565031982942431,0.5520951319309544
0.23679784729229733,0.5568181818181818,0.552088386864507
0.23696602758156743,0.5564229950319376,0.552080830245152
0.23713420787083753,0.5560283687943263,0.5520675820821401
0.23730238816010762,0.556343019135365,0.5520510168991482
0.23747056844937772,0.556657223796034,0.5520263843840187
0.23763874873864782,0.5562632696390658,0.5520083955978857
0.23780692902791792,0.5565770862800565,0.5519750412552891
0.23797510931718802,0.5561837455830388,0.551928162812722
0.23814328960645811,0.556497175141243,0.5519274633505321
0.2383114698957282,0.5561044460127029,0.5519260938447477
0.2384796501849983,0.5557122708039492,0.5519182767673325
0.2386478304742684,0.5560253699788583,0.5518557567461965
0.2388160107635385,0.5563380281690141,0.5518057242930874
0.2389841910528086,0.5566502463054187,0.5517980408659636
0.2391523713420787,0.5569620253164557,0.5517771852818419
0.2393205516313488,0.5572733661278988,0.5517659845038889
0.2394887319206189,0.5575842696629213,0.5517250704512194
0.239656912209889,0.5571929824561404,0.5517210325364368
0.2398250924991591,0.5575035063113605,0.5517125613235849
0.2399932727884292,0.5578135949544499,0.5517053784799926
0.2401614530776993,0.5581232492997199,0.5516766015023823
0.2403296333669694,0.5577326801959412,0.5516664347487897
0.24049781365623948,0.5573426573426573,0.551651748509388
0.24066599394550958,0.5576519916142557,0.5516439350449919
0.24083417423477968,0.5572625698324022,0.5515857093946417
0.24100235452404978,0.5568736915561758,0.5515543189900994
0.24117053481331988,0.5564853556485355,0.5515275744812584
0.24133871510258997,0.556794425087108,0.5515198874061765
0.24150689539186007,0.5564066852367688,0.5515134415175131
0.24167507568113017,0.5567153792623522,0.5514599939986584
0.24184325597040027,0.5570236439499304,0.5513588390039936
0.24201143625967036,0.5573314801945796,0.5513373491330493
0.24217961654894046,0.5576388888888889,0.5513209524259125
0.24234779683821056,0.5579458709229702,0.5513202913279751
0.24251597712748066,0.5575589459084604,0.5513194275540448
0.24268415741675076,0.5578655578655579,0.5513073508957476
0.24285233770602085,0.5574792243767313,0.551272428563539
0.24302051799529095,0.5577854671280277,0.5512442741077203
0.24318869828456105,0.558091286307054,0.5512298666013046
0.24335687857383115,0.557705597788528,0.5512192667393953
0.24352505886310125,0.5580110497237569,0.5511974127394903
0.24369323915237134,0.5576259489302967,0.5511900304430019
0.24386141944164144,0.5572413793103448,0.5511294014097616
0.24402959973091154,0.5568573397656789,0.5511152994515893
0.24419778002018164,0.5564738292011019,0.5510500630799317
0.24436596030945174,0.5560908465244322,0.551031202219656
0.24453414059872183,0.5563961485557084,0.551013690804458
0.24470232088799193,0.5560137457044674,0.551010887492339
0.24487050117726203,0.5563186813186813,0.5510063594084231
0.24503868146653213,0.5566231983527797,0.5510051113494088
0.24520686175580222,0.556241426611797,0.5510038674939143
0.24537504204507232,0.5565455791638109,0.5509963298252899
0.24554322233434242,0.5561643835616439,0.5509960139545568
0.24571140262361252,0.5557837097878165,0.5509929284626615
0.24587958291288262,0.5554035567715458,0.5509908679333566
0.24604776320215271,0.5557074504442926,0.5509768205437887
0.2462159434914228,0.555327868852459,0.5509694697458705
0.2463841237806929,0.5556313993174061,0.5508442417334896
0.246552304069963,0.5552523874488404,0.5508357080239709
0.2467204843592331,0.5555555555555556,0.5508336042659244
0.2468886646485032,0.555858310626703,0.5508072901306282
0.2470568449377733,0.5554799183117767,0.5507898142152261
0.2472250252270434,0.5557823129251701,0.5507832822888296
0.2473932055163135,0.5560842963970088,0.5507586318950244
0.2475613858055836,0.5563858695652174,0.5507537315727523
0.2477295660948537,0.5560081466395111,0.5507326041578728
0.2478977463841238,0.5563093622795116,0.550721402527569
0.2480659266733939,0.5559322033898305,0.550699658025546
0.248234106962664,0.5555555555555556,0.5506748308167282
0.24840228725193408,0.5558564658090724,0.5506445433066537
0.24857046754120418,0.5561569688768606,0.5506187409940335
0.24873864783047428,0.5564570655848546,0.5506014873344651
0.24890682811974438,0.5560810810810811,0.5505940979356773
0.24907500840901448,0.5557056043214045,0.5505884090630482
0.24924318869828457,0.5553306342780027,0.5505657710473504
0.24941136898755467,0.5549561699258261,0.5505608024571158
0.24957954927682477,0.5545822102425876,0.5505586721546323
0.24974772956609487,0.5542087542087543,0.5505539853316193
0.24991590985536496,0.553835800807537,0.5505238590211017
0.25008409014463506,0.5534633490248824,0.5505201051411114
0.25025227043390513,0.5530913978494624,0.5504889641091871
0.25042045072317526,0.5527199462726662,0.5504877545325897
0.25058863101244533,0.553020134228188,0.5503960975443215
0.25075681130171545,0.5526492287055668,0.5503939553180932
0.2509249915909855,0.5529490616621984,0.550345788279158
0.25109317188025565,0.5532484929671801,0.5503346895629242
0.2512613521695257,0.5528781793842035,0.5503264046549906
0.25142953245879585,0.5531772575250836,0.5502996435804599
0.2515977127480659,0.5528074866310161,0.55028597272808
0.25176589303733604,0.552438209752839,0.5502749708442067
0.2519340733266061,0.5520694259012016,0.5502611179465924
0.25210225361587624,0.5517011340893929,0.5502362297348963
0.2522704339051463,0.5513333333333333,0.5502317354805737
0.25243861419441643,0.5509660226515656,0.5502143204486758
0.2526067944836865,0.5505992010652463,0.5501382602609644
0.25277497477295663,0.5508982035928144,0.5501371013726164
0.2529431550622267,0.550531914893617,0.5500976902274929
0.2531113353514968,0.5508305647840531,0.5500878043021966
0.2532795156407669,0.5511288180610889,0.5500804237958519
0.253447695930037,0.5514266755142667,0.5500738000542753
0.2536158762193071,0.5517241379310345,0.5500684634690418
0.2537840565085772,0.5513585155732273,0.5500529866205215
0.2539522367978473,0.5516556291390728,0.550042281564793
0.2541204170871174,0.5519523494374586,0.5500365834301822
0.2542885973763875,0.5515873015873016,0.5500328469950682
0.2544567776656576,0.5518836748182419,0.5500264418286699
0.2546249579549277,0.5521796565389696,0.5500005031539831
0.2547931382441978,0.5524752475247525,0.5499710417111799
0.2549613185334679,0.5521108179419525,0.5499386492949954
0.255129498822738,0.5517468688200395,0.5499062436126139
0.25529767911200807,0.5520421607378129,0.5498850707826468
0.2554658594012782,0.5523370638578012,0.549876619682452
0.25563403969054826,0.5519736842105263,0.5498641299733373
0.2558022199798184,0.5516107823800132,0.5498502112862367
0.25597040026908846,0.5512483574244416,0.5498484992147311
0.2561385805583586,0.551543007222587,0.5498393371856042
0.25630676084762866,0.5511811023622047,0.5498191078723204
0.2564749411368988,0.5514754098360656,0.5497988132486817
0.25664312142616885,0.5511140235910879,0.549791693004385
0.256811301715439,0.5507531106745253,0.5497782964189918
0.25697948200470905,0.5510471204188482,0.5497759383842977
0.2571476622939791,0.5506867233485938,0.5497636935623321
0.25731584258324924,0.550326797385621,0.54969382284279
0.2574840228725193,0.550620509470934,0.5496545194488301
0.25765220316178944,0.5509138381201044,0.5496484215521775
0.2578203834510595,0.5505544683626875,0.5496220754703546
0.25798856374032964,0.5501955671447197,0.5495920021057343
0.2581567440295997,0.5504885993485342,0.5495851430987139
0.25832492431886983,0.55078125,0.5495655524795293
0.2584931046081399,0.5510735198438517,0.5495507225771297
0.25866128489741,0.5513654096228868,0.549537680946257
0.2588294651866801,0.5516569200779727,0.5495335331537056
0.2589976454759502,0.5512987012987013,0.5495178157222516
0.2591658257652203,0.5515898767034393,0.5495100150555065
0.2593340060544904,0.5518806744487679,0.5494837009349752
0.2595021863437605,0.5515230071289695,0.5494769665925913
0.2596703666330306,0.5518134715025906,0.5494694786086259
0.2598385469223007,0.5521035598705502,0.5494507524259014
0.2600067272115708,0.5517464424320828,0.5494487069976708
0.2601749075008409,0.5513897866839044,0.5494336551546745
0.260343087790111,0.5516795865633075,0.5494063972897683
0.2605112680793811,0.5513234344738541,0.5494028671092352
0.2606794483686512,0.5516129032258065,0.5493894770607497
0.26084762865792127,0.5519019987105094,0.5493879353769531
0.2610158089471914,0.5515463917525774,0.5493630766718702
0.26118398923646147,0.5518351577591758,0.5493470011452222
0.2613521695257316,0.5521235521235521,0.5493402420423024
0.26152034981500166,0.5517684887459807,0.5493273434166117
0.2616885301042718,0.5520565552699229,0.549306811087839
0.26185671039354186,0.5517019910083494,0.5492879951332353
0.262024890682812,0.55198973042362,0.549279738874589
0.26219307097208205,0.5516356638871072,0.5492194345079375
0.2623612512613522,0.5512820512820513,0.5491910282555525
0.26252943155062225,0.5515695067264574,0.5491796699707203
0.2626976118398924,0.5518565941101152,0.5491725264310423
0.26286579212916245,0.5521433141394754,0.549153347575098
0.26303397241843257,0.5524296675191815,0.5491345841543961
0.26320215270770264,0.552076677316294,0.5490758195471213
0.26337033299697277,0.5517241379310345,0.5490574934466598
0.26353851328624284,0.5520102105934908,0.5490348758044802
0.26370669357551296,0.5516581632653061,0.5490261015896085
0.26387487386478303,0.5513065646908859,0.549011464354533
0.26404305415405316,0.5515923566878981,0.5489984401482709
0.26421123444332323,0.5512412476129853,0.5489674379214701
0.26437941473259335,0.5515267175572519,0.5489473021793341
0.2645475950218634,0.551176096630642,0.5489428245443854
0.26471577531113355,0.5514612452350699,0.5489404209380694
0.2648839556004036,0.5517460317460318,0.5489054696678595
0.26505213588967375,0.5513959390862944,0.5488836468571222
0.2652203161789438,0.5516804058338618,0.5488453657129495
0.26538849646821394,0.5519645120405576,0.5488167429406152
0.265556676757484,0.5522482583913869,0.5487614891513967
0.26572485704675414,0.5525316455696202,0.5487571334678176
0.2658930373360242,0.5528146742567995,0.5487519384622519
0.26606121762529433,0.5530973451327433,0.5487451635812275
0.2662293979145644,0.5527479469361971,0.54873418435296
0.26639757820383453,0.55239898989899,0.5487071979349502
0.2665657584931046,0.5526813880126183,0.5486980909718961
0.2667339387823747,0.5529634300126104,0.5486911222140121
0.2669021190716448,0.5526149968494014,0.548665621420475
0.2670702993609149,0.5522670025188917,0.5486152226844284
0.267238479650185,0.55254877281309,0.5486081086357117
0.2674066599394551,0.5528301886792453,0.5485894550028507
0.2675748402287252,0.5531112507856694,0.548586100328879
0.2677430205179953,0.5527638190954773,0.5485836121353308
0.2679112008072654,0.5524168236032643,0.5485775851491153
0.2680793810965355,0.5520702634880803,0.548555517746161
0.2682475613858056,0.5517241379310345,0.5485413073119834
0.2684157416750757,0.5520050125313283,0.5485309378054252
0.2685839219643458,0.5522855353788353,0.5484938893384356
0.2687521022536159,0.5519399249061326,0.5484708395621409
0.26892028254288597,0.5522201375859912,0.5484418240490238
0.2690884628321561,0.5525,0.5484013217358368
0.26925664312142616,0.5521549031855091,0.5483965808508201
0.2694248234106963,0.552434456928839,0.5483616243030075
0.26959300369996636,0.5527136618839675,0.5483607383457062
0.2697611839892365,0.5523690773067331,0.5483410729003676
0.26992936427850656,0.5520249221183801,0.5483346035121759
0.2700975445677767,0.5523038605230386,0.548331213596988
0.27026572485704675,0.552582451773491,0.548327059070665
0.2704339051463169,0.5522388059701493,0.5483255477443661
0.27060208543558695,0.5518955873213176,0.5483180111623183
0.2707702657248571,0.5515527950310559,0.5483107861979032
0.27093844601412714,0.5518311607697083,0.5482235250790426
0.27110662630339727,0.5521091811414393,0.5482149175364537
0.27127480659266734,0.5517668939863608,0.5482081926357768
0.2714429868819374,0.5520446096654275,0.5481915224468737
0.27161116717120753,0.5523219814241486,0.5481726865293955
0.2717793474604776,0.5525990099009901,0.5481609889573608
0.27194752774974773,0.5522572665429808,0.5481461922749493
0.2721157080390178,0.5519159456118665,0.5481126254383623
0.2722838883282879,0.5521927115503397,0.5481124793171692
0.272452068617558,0.5518518518518518,0.5480643443418206
0.2726202489068281,0.5521283158544109,0.5480640742719893
0.2727884291960982,0.5517879161528977,0.548063801665956
0.2729566094853683,0.5520640788662969,0.5480580223045494
0.2731247897746384,0.5523399014778325,0.5480558556571365
0.2732929700639085,0.552,0.5480102152981092
0.2734611503531786,0.5522755227552275,0.5479965739897956
0.2736293306424487,0.5519360786724032,0.5479929020097697
0.2737975109317188,0.5522113022113022,0.547984727992961
0.2739656912209889,0.5518723143032536,0.5479721049206093
0.274133871510259,0.5515337423312884,0.5479565856557634
0.2743020517995291,0.5518087063151441,0.547922594401815
0.27447023208879917,0.5514705882352942,0.5479127039088495
0.2746384123780693,0.5517452541334966,0.547912661396626
0.27480659266733937,0.5514075887392901,0.547902186843595
0.2749747729566095,0.5516819571865443,0.5479001777331115
0.27514295324587956,0.5513447432762836,0.547871696699778
0.2753111335351497,0.5510079413561393,0.5478654689657211
0.27547931382441976,0.5512820512820513,0.5478556906197257
0.2756474941136899,0.5509456985967053,0.5478369236271768
0.27581567440295995,0.550609756097561,0.5478061628030414
0.2759838546922301,0.5502742230347349,0.5477965725191019
0.27615203498150015,0.5505481120584653,0.5477841425455491
0.2763202152707703,0.5508216676810712,0.5477826517147841
0.27648839556004035,0.551094890510949,0.547770462505065
0.27665657584931047,0.5513677811550152,0.5477225054724645
0.27682475613858054,0.551640340218712,0.5476807809484939
0.27699293642785067,0.5513054037644202,0.5476664214803525
0.27716111671712074,0.5515776699029126,0.5476552462873713
0.27732929700639086,0.5518496058217102,0.5476487123983926
0.27749747729566093,0.5521212121212121,0.5476105253064498
0.27766565758493106,0.5523924894003635,0.547567364307483
0.27783383787420113,0.5520581113801453,0.5475288307404715
0.27800201816347125,0.5517241379310345,0.5474988638754034
0.2781701984527413,0.5519951632406288,0.5474590799176945
0.27833837874201145,0.5522658610271903,0.5473721635934825
0.2785065590312815,0.5519323671497585,0.5473630035282253
0.27867473932055165,0.552202776101388,0.5473233577925621
0.2788429196098217,0.5518697225572979,0.5473194309266661
0.27901109989909184,0.5515370705244123,0.5473006631029468
0.2791792801883619,0.5518072289156627,0.5472626594390283
0.27934746047763204,0.551475015051174,0.5472434515865807
0.2795156407669021,0.5511432009626955,0.5471652154555124
0.27968382105617223,0.5508117859290439,0.5471633452673348
0.2798520013454423,0.5504807692307693,0.54716240381265
0.28002018163471243,0.5507507507507508,0.5470967340914753
0.2801883619239825,0.5504201680672269,0.5470866364948624
0.2803565422132526,0.5506898620275945,0.5470563972347329
0.2805247225025227,0.5503597122302158,0.5470004855224857
0.2806929027917928,0.5506291192330737,0.5469696044350543
0.2808610830810629,0.5508982035928144,0.5469643405279988
0.281029263370333,0.5511669658886894,0.5469424857683348
0.2811974436596031,0.5514354066985646,0.5469326732796406
0.2813656239488732,0.5511057979677226,0.5469134542245527
0.2815338042381433,0.551373954599761,0.546909468438691
0.2817019845274134,0.551044776119403,0.5468913275708993
0.2818701648166835,0.5513126491646778,0.5468752792648557
0.2820383451059536,0.5509838998211091,0.546873755407281
0.2822065253952237,0.5512514898688915,0.5468703857490878
0.2823747056844938,0.5515187611673615,0.5468614340960176
0.28254288597376387,0.5511904761904762,0.5468600381596093
0.282711066263034,0.5514574657941701,0.5468577125530203
0.28287924655230406,0.5511296076099881,0.5468459432567369
0.2830474268415742,0.5513963161021984,0.5468327347776838
0.28321560713084426,0.5516627078384798,0.5468321634112898
0.2833837874201144,0.5519287833827893,0.5468155744579196
0.28355196770938446,0.5521945432977462,0.5468051939013501
0.2837201479986546,0.5518672199170125,0.5467964119528496
0.28388832828792465,0.5521327014218009,0.5467780539556543
0.2840565085771948,0.5523978685612788,0.5467761918730978
0.28422468886646485,0.5526627218934911,0.5466991384380678
0.284392869155735,0.5529272619751626,0.5466685922627322
0.28456104944500504,0.5531914893617021,0.546648411460782
0.28472922973427517,0.5528647371529829,0.5466393172309101
0.28489741002354524,0.5531286894923259,0.5466383834053558
0.28506559031281536,0.5533923303834808,0.5466078794486522
0.28523377060208543,0.5536556603773585,0.5465673157140131
0.28540195089135556,0.553918680023571,0.5465564460501383
0.28557013118062563,0.5535924617196702,0.5465515971298073
0.2857383114698957,0.5538552089464391,0.5465249923671462
0.2859064917591658,0.5541176470588235,0.546520054567033
0.2860746720484359,0.5543797766019988,0.5464657759903869
0.286242852337706,0.554641598119859,0.5464592697944536
0.2864110326269761,0.5543159130945391,0.5464198222984313
0.2865792129162462,0.5545774647887324,0.5463927303723698
0.2867473932055163,0.5548387096774193,0.5463166498103993
0.2869155734947864,0.5550996483001173,0.5462938008053256
0.2870837537840565,0.5547744581136497,0.5462868262316185
0.2872519340733266,0.5550351288056206,0.5462647437291401
0.2874201143625967,0.5547103569338795,0.546252049900421
0.2875882946518668,0.5549707602339181,0.5462428611829357
0.2877564749411369,0.554646405610754,0.5462320692812018
0.287924655230407,0.554322429906542,0.546226133860356
0.28809283551967707,0.5539988324576766,0.5461603016581893
0.2882610158089472,0.5542590431738623,0.5461405809672619
0.28842919609821727,0.5545189504373178,0.5461275575695947
0.2885973763874874,0.5547785547785548,0.5461180359238295
0.28876555667675746,0.5544554455445545,0.5460904547716067
0.2889337369660276,0.5541327124563445,0.5460728600424377
0.28910191725529766,0.5538103548574753,0.546063641449863
0.2892700975445678,0.5540697674418604,0.5460051956628961
0.28943827783383785,0.5537478210342824,0.5459956277088955
0.289606458123108,0.5534262485481998,0.5459644854298413
0.28977463841237805,0.5536854323853744,0.5459510342932401
0.2899428187016482,0.5533642691415314,0.5459485084812574
0.29011099899091825,0.5530434782608695,0.5459474729264807
0.29027917928018837,0.5527230590961761,0.545945837289284
0.29044735956945844,0.5529820497973365,0.5459414991222742
0.29061553985872857,0.5526620370370371,0.545936486613472
0.29078372014799864,0.5529207634470792,0.5459037600869514
0.29095190043726876,0.5526011560693641,0.5458557152165927
0.29112008072653883,0.5528596187175043,0.5458378372707993
0.29128826101580896,0.5531177829099307,0.5458335373476805
0.29145644130507903,0.5533756491633006,0.545828534682622
0.29162462159434915,0.5536332179930796,0.5458006687398576
0.2917928018836192,0.553314121037464,0.5457780821079213
0.29196098217288935,0.5535714285714286,0.545749178495111
0.2921291624621594,0.5538284398388025,0.5456546985034294
0.29229734275142955,0.5540851553509781,0.545652102819288
0.2924655230406996,0.5543415756181713,0.5456481457029071
0.29263370332996974,0.5540229885057472,0.5456253231264466
0.2928018836192398,0.5537047673750718,0.5455852975482811
0.29297006390850994,0.5539609644087256,0.5455773529068791
0.29313824419778,0.5536431440045898,0.5455461917027039
0.29330642448705013,0.5538990825688074,0.5455122069576527
0.2934746047763202,0.5541547277936962,0.5454922322806961
0.29364278506559033,0.5544100801832761,0.5454838246402046
0.2938109653548604,0.5546651402404121,0.5454751419106505
0.2939791456441305,0.5549199084668193,0.5454672196402587
0.2941473259334006,0.5546026300743282,0.5454620158037805
0.2943155062226707,0.5548571428571428,0.5454086932860881
0.2944836865119408,0.5551113649343232,0.545392297505932
0.2946518668012109,0.5547945205479452,0.5453629024771431
0.294820047090481,0.5550484883057616,0.5453396370455335
0.2949882273797511,0.5553021664766249,0.54533870289141
0.2951564076690212,0.554985754985755,0.5453120152357286
0.2953245879582913,0.5552391799544419,0.5452613808579271
0.2954927682475614,0.5554923164484917,0.5452176262752408
0.2956609485368315,0.555745164960182,0.5452026176473475
0.2958291288261016,0.5554292211483798,0.5451867930716275
0.2959973091153717,0.5551136363636363,0.545180556214362
0.29616548940464177,0.5547984099943214,0.5451409493275036
0.2963336696939119,0.554483541430193,0.5451347405567442
0.29650184998318196,0.5541690300623936,0.5451335634182649
0.2966700302724521,0.5538548752834467,0.5450989743713617
0.29683821056172216,0.5535410764872521,0.5450907540521289
0.2970063908509923,0.5537938844847112,0.5450821749746716
0.29717457114026236,0.5540464063384267,0.5450639862232541
0.2973427514295325,0.5537330316742082,0.5450625411799156
0.29751093171880255,0.5539853024307518,0.5450230281813926
0.2976791120080727,0.5542372881355933,0.5449893093881898
0.29784729229734275,0.554488989271598,0.5449762626182681
0.2980154725866129,0.5547404063205418,0.5449741680774619
0.29818365287588294,0.5544275239706712,0.5449542564989912
0.29835183316515307,0.5546786922209695,0.5449536304844873
0.29852001345442314,0.5549295774647888,0.5449519012580902
0.29868819374369326,0.5551801801801802,0.5449511900813101
0.29885637403296333,0.5548677546426561,0.5449356017449539
0.29902455432223346,0.5545556805399325,0.5448968582002692
0.29919273461150353,0.554806070826307,0.544896214495933
0.29936091490077366,0.5544943820224719,0.5448943401320482
0.2995290951900437,0.5547445255474452,0.5448648608028572
0.29969727547931385,0.5544332210998878,0.5448639586151827
0.2998654557685839,0.554122265844083,0.5448634586902221
0.300033636057854,0.554372197309417,0.5448517145227973
0.3002018163471241,0.5546218487394958,0.5448345390715365
0.3003699966363942,0.5548712206047033,0.5447789809357442
0.3005381769256643,0.5551203133743704,0.5447740296005228
0.3007063572149344,0.5553691275167785,0.5447617853553363
0.3008745375042045,0.5556176634991615,0.5447438540265869
0.3010427177934746,0.5558659217877095,0.5447109129120673
0.3012108980827447,0.5555555555555556,0.5446168929148542
0.3013790783720148,0.5558035714285714,0.5445890538380708
0.3015472586612849,0.5554935861684328,0.5445803729096687
0.30171543895055497,0.5557413600891862,0.5445797149655444
0.3018836192398251,0.5559888579387187,0.5444965875190879
0.30205179952909517,0.5562360801781737,0.5444785903658736
0.3022199798183653,0.5564830272676683,0.5444714401581661
0.30238816010763536,0.5561735261401557,0.544467474333409
0.3025563403969055,0.5558643690939411,0.5444583215363206
0.30272452068617556,0.5561111111111111,0.5443904688736889
0.3028927009754457,0.5558023320377568,0.5443729365073317
0.30306088126471575,0.5560488346281909,0.5443703831994945
0.3032290615539859,0.5562950637825845,0.5443282513525894
0.30339724184325595,0.5565410199556541,0.5443036862761867
0.3035654221325261,0.556786703601108,0.5442890037854022
0.30373360242179614,0.5570321151716501,0.5442713176410287
0.30390178271106627,0.5572772551189817,0.5442698178102808
0.30406996300033634,0.5575221238938053,0.5442533991778018
0.30423814328960647,0.5577667219458264,0.5442161661138011
0.30440632357887654,0.5574585635359116,0.5441838086445435
0.30457450386814666,0.5571507454445058,0.5441758853839711
0.30474268415741673,0.5573951434878587,0.5441684416771598
0.30491086444668686,0.5570876999448428,0.5441415482662093
0.30507904473595693,0.5573318632855567,0.5441298204528027
0.30524722502522705,0.5575757575757576,0.5441124526562677
0.3054154053144971,0.5572687224669604,0.5441070316187072
0.30558358560376725,0.5575123830489819,0.5441035249156693
0.3057517658930373,0.5577557755775577,0.5440601178465675
0.30591994618230745,0.5579989004947774,0.5440511432303324
0.3060881264715775,0.5582417582417583,0.5440485809826314
0.30625630676084764,0.5579352004393191,0.5440233030690624
0.3064244870501177,0.5581778265642151,0.544010069642369
0.30659266733938784,0.5584201865057598,0.5439813078245379
0.3067608476286579,0.5581140350877193,0.5439730682821636
0.30692902791792803,0.5578082191780822,0.5439531932574466
0.3070972082071981,0.5575027382256298,0.5439204703236757
0.30726538849646823,0.5577449370552818,0.5438925290013807
0.3074335687857383,0.5574398249452954,0.5438846678387315
0.3076017490750084,0.5571350464734828,0.5438611903074905
0.3077699293642785,0.5573770491803278,0.5438572027203908
0.3079381096535486,0.557618787547788,0.5438488146188202
0.3081062899428187,0.5578602620087336,0.543842494973521
0.3082744702320888,0.55810147299509,0.543825788909984
0.3084426505213589,0.5583424209378408,0.5438044543272468
0.308610830810629,0.5580381471389646,0.5437738747927946
0.3087790110998991,0.5582788671023965,0.5437608030642394
0.3089471913891692,0.557974959172564,0.5437590308067888
0.3091153716784393,0.558215451577802,0.5437188366500951
0.3092835519677094,0.5584556824361065,0.5437047891845432
0.3094517322569795,0.558695652173913,0.5436905556548799
0.3096199125462496,0.5583921781640413,0.5436530336620903
0.30978809283551967,0.5586319218241043,0.5436527957506498
0.3099562731247898,0.5583288117200217,0.5436491826246772
0.31012445341405986,0.5580260303687635,0.5436192087880921
0.31029263370333,0.5582655826558266,0.5436146605808956
0.31046081399260006,0.5585048754062839,0.543614304304675
0.3106289942818702,0.558202490525176,0.543610586518528
0.31079717457114026,0.5579004329004329,0.5435978960349681
0.3109653548604104,0.5581395348837209,0.5435740115603086
0.31113353514968045,0.5583783783783783,0.5435723972627259
0.3113017154389506,0.5580767152890329,0.5435518234896155
0.31146989572822065,0.5577753779697624,0.5435077581667056
0.3116380760174908,0.5574743658931463,0.5434933073866224
0.31180625630676084,0.5577130528586839,0.5434689574253417
0.31197443659603097,0.5579514824797843,0.5434505536995139
0.31214261688530104,0.5581896551724138,0.5433715340515052
0.31231079717457116,0.5578890683898762,0.5433529912305259
0.31247897746384123,0.5581270182992465,0.5433440748358219
0.31264715775311136,0.5578267885960194,0.5433396609829414
0.31281533804238143,0.5580645161290323,0.5433383689247315
0.31298351833165156,0.5577646426652337,0.5433284410283848
0.3131516986209216,0.5574650912996778,0.5433264593007479
0.31331987891019175,0.5571658615136876,0.5433136940317257
0.3134880591994618,0.5574034334763949,0.5433087545372077
0.31365623948873195,0.5571045576407506,0.5432909437260786
0.313824419778002,0.5568060021436227,0.5432896892179726
0.31399260006727214,0.5570433851098018,0.5432783362108945
0.3141607803565422,0.5572805139186295,0.5432759985982624
0.3143289606458123,0.5575173889780631,0.5432298335214747
0.3144971409350824,0.5577540106951872,0.5431990925227868
0.3146653212243525,0.5579903794762159,0.5431583311548212
0.3148335015136226,0.5576923076923077,0.5431544496351677
0.3150016818028927,0.5579284570208222,0.5431538510259978
0.3151698620921628,0.5576307363927427,0.5431275160321856
0.31533804238143287,0.5578666666666666,0.5431257775788596
0.315506222670703,0.5581023454157783,0.5431064598605813
0.31567440295997307,0.5583377730420884,0.5431063405029267
0.3158425832492432,0.5580404685835996,0.5430878078965059
0.31601076353851326,0.5577434805747739,0.5430640216069366
0.3161789438277834,0.5579787234042554,0.5430563806188415
0.31634712411705346,0.5582137161084529,0.5430373444136066
0.3165153044063236,0.5584484590860787,0.543031096483433
0.31668348469559365,0.5586829527349974,0.5430308689134832
0.3168516649848638,0.5583864118895966,0.5430165857299686
0.31701984527413385,0.5586206896551724,0.5429805142710787
0.317188025563404,0.5588547189819725,0.5429773827282904
0.31735620585267404,0.5590885002649708,0.5429769521288668
0.31752438614194417,0.559322033898305,0.5429742743268665
0.31769256643121424,0.5590259396506088,0.5429730210456175
0.31786074672048437,0.5587301587301587,0.542968154404423
0.31802892700975444,0.5589635113696457,0.5429503069579941
0.31819710729902456,0.5586680761099366,0.54293221958892
0.31836528758829463,0.5589012150026413,0.5429159733179971
0.31853346787756476,0.5591341077085533,0.5428986752026888
0.31870164816683483,0.5593667546174143,0.5428980549508876
0.31886982845610495,0.5595991561181435,0.5428170997983706
0.319038008745375,0.5593041644702161,0.5427876755963402
0.31920618903464515,0.5590094836670179,0.5427719076054252
0.3193743693239152,0.5592417061611374,0.5427608547068952
0.31954254961318534,0.5594736842105263,0.5427579895687937
0.3197107299024554,0.5597054182009469,0.5427557240529693
0.31987891019172554,0.5599369085173501,0.5427057639645947
0.3200470904809956,0.5601681555438781,0.5426949706502402
0.32021527077026574,0.5603991596638656,0.5426827552241318
0.3203834510595358,0.5601049868766405,0.5426594826179244
0.32055163134880593,0.5603357817418678,0.5425950097509232
0.320719811638076,0.5600419507079182,0.5425927291141421
0.32088799192734613,0.560272536687631,0.5425853902151525
0.3210561722166162,0.5599790466212676,0.5425795584977737
0.3212243525058863,0.5602094240837696,0.5425674592417514
0.3213925327951564,0.5604395604395604,0.5425584374940177
0.3215607130844265,0.5606694560669456,0.5425104856900045
0.3217288933736966,0.560376372190277,0.5424912467305159
0.3218970736629667,0.5600835945663531,0.5424884176711617
0.3220652539522368,0.5603133159268929,0.5424609851126595
0.3222334342415069,0.5605427974947808,0.542441475818747
0.322401614530777,0.5602503912363067,0.5424363489161184
0.3225697948200471,0.5599582898852972,0.5424306548111536
0.3227379751093172,0.5601875977071391,0.5423710189626576
0.3229061553985873,0.5604166666666667,0.5423704555664502
0.3230743356878574,0.5606454971369078,0.5423464212877532
0.3232425159771275,0.5603537981269511,0.5423420481712282
0.32341069626639757,0.5600624024960998,0.5423304670656958
0.3235788765556677,0.5597713097713097,0.5422931139959137
0.32374705684493776,0.56,0.5422886742519348
0.3239152371342079,0.5602284527518172,0.5422756331917102
0.32408341742347796,0.5599377270368449,0.5422701399705814
0.3242515977127481,0.5601659751037344,0.5422410413072687
0.32441977800201816,0.5603939865215137,0.5421777379836495
0.3245879582912883,0.5601036269430052,0.5421736325319915
0.32475613858055835,0.5603314344899016,0.5421663159099602
0.3249243188698285,0.5600414078674948,0.5421630140750809
0.32509249915909855,0.5597516813243663,0.5421518084416752
0.3252606794483687,0.5594622543950362,0.542145320554665
0.32542885973763874,0.5591731266149871,0.5421170731901277
0.32559704002690887,0.559400826446281,0.5421005907292663
0.32576522031617894,0.5591120289106867,0.5420966921515602
0.32593340060544906,0.5593395252837977,0.5420332808872254
0.32610158089471913,0.5595667870036101,0.5418837307989801
0.32626976118398926,0.5597938144329897,0.5418753946009752
0.32643794147325933,0.5595054095826894,0.5418570115099368
0.32660612176252946,0.5597322348094748,0.5418525120708141
0.3267743020517995,0.5594441585177561,0.5418436200020686
0.32694248234106965,0.559156378600823,0.5418229070875807
0.3271106626303397,0.5593830334190232,0.5418225241473211
0.32727884291960985,0.5596094552929085,0.5418150010624154
0.3274470232088799,0.5598356445814073,0.541775400703234
0.32761520349815004,0.5595482546201233,0.5417706644176888
0.3277833837874201,0.5592611595690098,0.5417243597364086
0.32795156407669024,0.5594871794871795,0.541696315155503
0.3281197443659603,0.5592004100461302,0.5416789335803702
0.32828792465523043,0.5594262295081968,0.5416622033303186
0.3284561049445005,0.5596518177163339,0.5416548427739656
0.3286242852337706,0.5593654042988742,0.5416210361412117
0.3287924655230407,0.5590792838874681,0.5416172635459913
0.32896064581231077,0.5587934560327198,0.5416096933044522
0.3291288261015809,0.5590189064895248,0.5415859875003008
0.32929700639085097,0.559244126659857,0.5414557172183239
0.3294651866801211,0.5594691168963757,0.5414378083261852
0.32963336696939116,0.5591836734693878,0.5414302697310434
0.3298015472586613,0.5594084650688425,0.5414223891716382
0.32996972754793136,0.5596330275229358,0.5414186798632347
0.3301379078372015,0.5598573611818645,0.5414069746677151
0.33030608812647155,0.560081466395112,0.5413908991432788
0.3304742684157417,0.5603053435114503,0.5413721924907676
0.33064244870501175,0.560528992878942,0.5413402559859642
0.3308106289942819,0.5607524148449415,0.541331762945281
0.33097880928355194,0.5609756097560976,0.5413258429069813
0.33114698957282207,0.5611985779583545,0.5413196328052127
0.33131516986209214,0.5614213197969543,0.5413160420348183
0.33148335015136227,0.5611364789446981,0.5412921064489985
0.33165153044063234,0.5613590263691683,0.5412787073703166
0.33181971072990246,0.5615813482007096,0.5412539922728626
0.33198789101917253,0.5612968591691996,0.5412033504882027
0.33215607130844266,0.5615189873417722,0.5412032840687196
0.3323242515977127,0.5612348178137652,0.5411982807715847
0.33249243188698285,0.5609509357612544,0.541168065803287
0.3326606121762529,0.5611729019211324,0.541146446754839
0.33282879246552305,0.5613946437594745,0.5411271330404598
0.3329969727547931,0.5611111111111111,0.5410747882237031
0.33316515304406324,0.5613326602725897,0.5410658476890637
0.3333333333333333,0.5610494450050454,0.5410563227513954
0.33350151362260344,0.5612708018154312,0.5410518972611429
0.3336696939118735,0.5609879032258065,0.5410498599578785
0.33383787420114364,0.5607052896725441,0.5409921942052988
0.3340060544904137,0.5609264853977844,0.5409786847876511
0.33417423477968383,0.5611474584801208,0.5409739920107671
0.3343424150689539,0.5608651911468813,0.5409667912307563
0.334510595358224,0.5605832076420312,0.5409329217081363
0.3346787756474941,0.5608040201005026,0.5409289807615033
0.3348469559367642,0.5605223505775992,0.5409097454721796
0.3350151362260343,0.5602409638554217,0.5408783629425093
0.3351833165153044,0.559959859508279,0.5408747293518968
0.3353514968045745,0.5601805416248746,0.5408664500916978
0.3355196770938446,0.5598997493734336,0.540862821381839
0.3356878573831147,0.5601202404809619,0.5408563625542575
0.3358560376723848,0.5598397596394592,0.5408384504853566
0.3360242179616549,0.5595595595595596,0.5408378945422393
0.336192398250925,0.5592796398199099,0.540836542903321
0.3363605785401951,0.5595,0.5408022924610789
0.3365287588294652,0.559720139930035,0.5407880012935442
0.3366969391187353,0.5594405594405595,0.5407839723788851
0.3368651194080054,0.5596605092361457,0.5407812168719517
0.33703329969727547,0.5593812375249501,0.5406959882042963
0.3372014799865456,0.5596009975062344,0.5406633994280559
0.33736966027581566,0.5598205383848455,0.5406364794726833
0.3375378405650858,0.560039860488291,0.5406217036230337
0.33770602085435586,0.5597609561752988,0.5406012406923436
0.337874201143626,0.5594823295171727,0.5405661094188267
0.33804238143289606,0.5597014925373134,0.5405609392177126
0.3382105617221662,0.5599204375932372,0.5405577987157518
0.33837874201143625,0.5596421471172962,0.5405480449714848
0.3385469223007064,0.5598609041231992,0.5405386300251052
0.33871510258997645,0.5600794438927508,0.5405105573431265
0.3388832828792466,0.5598014888337469,0.5404428340687125
0.33905146316851664,0.5600198412698413,0.5404426894089113
0.33921964345778677,0.5602379771938523,0.5404358183864004
0.33938782374705684,0.5599603567888999,0.5404061440650487
0.33955600403632696,0.5601783060921248,0.5403983063033404
0.33972418432559703,0.5603960396039604,0.5403861538041629
0.33989236461486716,0.5606135576447303,0.5403773006965643
0.34006054490413723,0.5608308605341247,0.5403735454863707
0.34022872519340736,0.5605536332179931,0.540372711207155
0.3403969054826774,0.5607707509881423,0.5403634439125334
0.34056508577194755,0.5604938271604938,0.540343490443114
0.3407332660612176,0.5602171767028628,0.5403215613900014
0.34090144635048775,0.5599407992106561,0.5403111125566799
0.3410696266397578,0.5601577909270217,0.5402717987047789
0.34123780692902794,0.5603745687530803,0.5402658634346323
0.341405987218298,0.5605911330049261,0.5402493930515372
0.34157416750756814,0.5603151157065485,0.5401646579724092
0.3417423477968382,0.5605314960629921,0.5401271638771494
0.34191052808610833,0.5607476635514018,0.5401251557107072
0.3420787083753784,0.56047197640118,0.5400934730224028
0.34224688866464853,0.5606879606879607,0.5400472772266869
0.3424150689539186,0.5609037328094303,0.5400177914782088
0.3425832492431887,0.561119293078056,0.5400029402078929
0.3427514295324588,0.5608439646712463,0.5399974516857801
0.34291960982172887,0.5610593428151054,0.5399816045148406
0.343087790110999,0.5612745098039216,0.5399570957813502
0.34325597040026906,0.5614894659480647,0.5399526815080629
0.3434241506895392,0.5617042115572968,0.5399462286362526
0.34359233097880926,0.561429270680372,0.5399132928402317
0.3437605112680794,0.5611545988258317,0.5398730897342614
0.34392869155734945,0.560880195599022,0.5398249500033755
0.3440968718466196,0.5610948191593352,0.5398146057258532
0.34426505213588965,0.5613092330239374,0.539803392220762
0.3444332324251598,0.5615234375,0.5398005977956324
0.34460141271442984,0.5617374328940947,0.5397687498082746
0.34476959300369997,0.5614634146341464,0.5397615094179401
0.34493777329297004,0.5616772306192102,0.5397583057584959
0.34510595358224017,0.5614035087719298,0.539752802893265
0.34527413387151024,0.561617145640526,0.5397438851474756
0.34544231416078036,0.5618305744888024,0.5397336392559534
0.34561049445005043,0.5615571776155718,0.5397086955159976
0.34577867473932056,0.561284046692607,0.5397030297368646
0.3459468550285906,0.561011181332037,0.5396623239700966
0.34611503531786075,0.5607385811467445,0.5396073338776393
0.3462832156071308,0.5609519184069937,0.5395682908370564
0.34645139589640095,0.5611650485436893,0.539561546049048
0.346619576185671,0.5608927704997574,0.5395249630420341
0.34678775647494114,0.5606207565470417,0.5394795785130934
0.3469559367642112,0.5608337372758119,0.5394470879278717
0.34712411705348134,0.561046511627907,0.539445542218228
0.3472922973427514,0.5612590799031477,0.5394365184842789
0.34746047763202154,0.5614714424007744,0.5394251513158345
0.3476286579212916,0.5616835994194485,0.5393791657434951
0.34779683821056173,0.5618955512572534,0.5393356280427196
0.3479650184998318,0.5616239729337844,0.5393332566963767
0.3481331987891019,0.5618357487922705,0.5393266299632391
0.348301379078372,0.5620473201352004,0.5393036474800009
0.3484695593676421,0.5617760617760618,0.5392854581359509
0.3486377396569122,0.5619874577906416,0.5392380359706489
0.3488059199461823,0.5617164898746384,0.5392085624253109
0.3489741002354524,0.5619277108433735,0.5391736663156699
0.3491422805247225,0.5616570327552987,0.5391574884950698
0.3493104608139926,0.5618680789600385,0.5391460103915218
0.3494786411032627,0.5615976900866217,0.5390826122450467
0.3496468213925328,0.5618085618085618,0.539057325005221
0.3498150016818029,0.5615384615384615,0.538977123599014
0.349983181971073,0.5617491590581452,0.5389705662877252
0.3501513622603431,0.5614793467819404,0.5389660559732397
0.35031954254961317,0.5616898703792607,0.5389390332582444
0.3504877228388833,0.5619001919385797,0.5389186264428591
0.35065590312815337,0.5621103117505996,0.5389184078437602
0.3508240834174235,0.5618408437200384,0.5389042309616404
0.35099226370669356,0.5615716339242932,0.5389021100139634
0.3511604439959637,0.5613026819923371,0.5388947004519057
0.35132862428523376,0.5610339875538535,0.5388921825834523
0.3514968045745039,0.5607655502392345,0.5388890707689201
0.35166498486377396,0.5604973696795792,0.5388890026816684
0.3518331651530441,0.5607074569789675,0.5388873147242986
0.35200134544231415,0.5609173435260392,0.5388067382049649
0.3521695257315843,0.5606494746895893,0.5387971959444314
0.35233770602085435,0.560381861575179,0.5387629278013089
0.35250588631012447,0.5601145038167938,0.5387461215429529
0.35267406659939454,0.5603242727706247,0.538689001718784
0.35284224688866467,0.5605338417540515,0.5386838571493003
0.35301042717793474,0.5602667937112911,0.5386538328816209
0.35317860746720486,0.56,0.5386506138809946
0.35334678775647493,0.5597334602570204,0.5386491812137183
0.35351496804574506,0.5594671741198858,0.5386394101023397
0.35368314833501513,0.5592011412268189,0.5386129233548788
0.35385132862428526,0.55893536121673,0.5386038166352081
0.3540195089135553,0.559144893111639,0.538600339730115
0.35418768920282545,0.5593542260208927,0.5385790951833277
0.3543558694920955,0.5590887517797817,0.5385755436929178
0.35452404978136565,0.5592979127134725,0.5385489959932728
0.3546922300706357,0.5590327169274538,0.5385414871692943
0.35486041035990584,0.5592417061611374,0.5385391582402961
0.3550285906491759,0.5594504973945997,0.5385290111864556
0.35519677093844604,0.5591856060606061,0.5385117393664873
0.3553649512277161,0.5593942262186464,0.5385105926352313
0.35553313151698623,0.5596026490066225,0.5384985339908742
0.3557013118062563,0.5598108747044918,0.5384080841811287
0.35586949209552643,0.5600189035916824,0.5383964578387223
0.3560376723847965,0.5602267359470949,0.5383694631065545
0.3562058526740666,0.5599622285174694,0.5383544548438406
0.3563740329633367,0.5596979707409155,0.5383404254049349
0.3565422132526068,0.559433962264151,0.5383333391425181
0.3567103935418769,0.5596416784535596,0.5383115886239406
0.356878573831147,0.55937794533459,0.5382544492043525
0.3570467541204171,0.5595854922279793,0.5382533985163216
0.35721493440968716,0.5597928436911488,0.5382362065852219
0.3573831146989573,0.56,0.5382033810964867
0.35755129498822735,0.5597365945437441,0.5381449504436452
0.3577194752774975,0.5599435825105783,0.5381100728203156
0.35788765556676755,0.5596804511278195,0.5381062984837733
0.3580558358560377,0.5594175669328323,0.5380947948403296
0.35822401614530774,0.5596244131455399,0.5380947457488187
0.35839219643457787,0.5593618019709057,0.5380762167064239
0.35856037672384794,0.5595684803001876,0.5380733386899239
0.35872855701311807,0.5593061415846226,0.5380580204143627
0.35889673730238814,0.5595126522961574,0.5380429634895147
0.35906491759165826,0.5592505854800937,0.5379764094091938
0.35923309788092833,0.5589887640449438,0.53797603826967
0.35940127817019846,0.5591951333645298,0.5379616642729071
0.3595694584594685,0.558933582787652,0.537953185321259
0.35973763874873865,0.5586722767648434,0.5379433241874028
0.3599058190380087,0.5588785046728972,0.53793408200331
0.36007399932727885,0.5586174684726763,0.5379105144675567
0.3602421796165489,0.5583566760037348,0.5378950246854494
0.36041035990581904,0.5580961269248716,0.5378774200715384
0.3605785401950891,0.5583022388059702,0.537858970472614
0.36074672048435924,0.5585081585081585,0.537795988023993
0.3609149007736293,0.5587138863000932,0.5377852482658552
0.36108308106289944,0.5584536562645552,0.5377727816051273
0.3612512613521695,0.5586592178770949,0.5377726839280207
0.36141944164143963,0.5588645881805491,0.5377636423473167
0.3615876219307097,0.5590697674418604,0.5377623149370275
0.3617558022199798,0.5588098558809856,0.5377578836639699
0.3619239825092499,0.5590148698884758,0.5377192946094554
0.36209216279852,0.5587552252670692,0.537713625942703
0.3622603430877901,0.5589600742804085,0.5376512082205159
0.3624285233770602,0.5587006960556845,0.5376212488812556
0.3625967036663303,0.5589053803339518,0.5375998217798398
0.3627648839556004,0.5586462679647659,0.5375912514146081
0.3629330642448705,0.5583873957367933,0.537561592763709
0.3631012445341406,0.5581287633163502,0.5375496508970257
0.3632694248234107,0.5578703703703703,0.5375354436627412
0.3634376051126808,0.5580749652938455,0.5375220141224374
0.3636057854019509,0.5578168362627197,0.5375113642217867
0.363773965691221,0.5580212667591309,0.5375024372921436
0.36394214598049107,0.5582255083179297,0.5374742571086538
0.3641103262697612,0.5584295612009238,0.5374322712615217
0.36427850655903127,0.5586334256694367,0.537424791249291
0.3644466868483014,0.5583756345177665,0.5374087623040519
0.36461486713757146,0.558579335793358,0.5374051569770142
0.3647830474268416,0.5587828492392808,0.5374036223926604
0.36495122771611166,0.5585253456221199,0.537394647472412
0.3651194080053818,0.5587286964532473,0.5373700515014878
0.36528758829465185,0.5584714548802947,0.5373396402274979
0.365455768583922,0.5586746433502071,0.5373301453176984
0.36562394887319205,0.5588776448942042,0.5373225400939303
0.3657921291624622,0.5586206896551724,0.5373154033327711
0.36596030945173225,0.5588235294117647,0.5373143124491286
0.36612848974100237,0.5590261828203951,0.5373063221936816
0.36629667003027244,0.5587695133149678,0.5372991031527775
0.36646485031954257,0.5585130793942176,0.5372749200480772
0.36663303060881264,0.558256880733945,0.5372714298768143
0.36680121089808276,0.5584594222833562,0.5372631343254447
0.36696939118735283,0.5582034830430798,0.5372485403879567
0.36713757147662296,0.5584058634906093,0.5372366026216532
0.36730575176589303,0.5581501831501832,0.537203465763876
0.36747393205516315,0.5583524027459954,0.5371818386940431
0.3676421123444332,0.5585544373284538,0.5371521691495657
0.36781029263370335,0.5587562871513488,0.5371391742018783
0.3679784729229734,0.5585009140767825,0.5371242813333997
0.36814665321224355,0.5582457743261764,0.5370717261665799
0.3683148335015136,0.5584474885844749,0.5370201981760416
0.36848301379078374,0.5581926061159288,0.5370199909534751
0.3686511940800538,0.5583941605839416,0.5369910776994754
0.36881937436932394,0.5581395348837209,0.536962973971108
0.368987554658594,0.5578851412944393,0.5369583356696628
0.36915573494786413,0.5576309794988611,0.5368994344522444
0.3693239152371342,0.5573770491803278,0.5368519189085311
0.36949209552640433,0.5575785161583978,0.5368501102483092
0.3696602758156744,0.5573248407643312,0.5368437732835531
0.3698284561049445,0.5570713960891315,0.5368396747291982
0.3699966363942146,0.5572727272727273,0.5368239168322626
0.3701648166834847,0.5574738755111313,0.5368233342540689
0.3703329969727548,0.5572207084468664,0.536822324447151
0.3705011772620249,0.5574216976849751,0.5368191105431864
0.370669357551295,0.5576225045372051,0.5368108727355348
0.3708375378405651,0.5573696145124717,0.5368016328877253
0.3710057181298352,0.557570262919311,0.5367909414782702
0.3711738984191053,0.5577707294970549,0.5367354616680666
0.3713420787083754,0.5579710144927537,0.5367091994622194
0.37151025899764545,0.5577184246265279,0.5366955209240472
0.3716784392869156,0.5579185520361991,0.536682349016477
0.37184661957618564,0.5576662143826323,0.536633088386493
0.37201479986545577,0.5574141048824593,0.536626209554099
0.37218298015472584,0.5571622232263895,0.5366136092291303
0.37235116044399597,0.556910569105691,0.5366064617791458
0.37251934073326604,0.5571106094808126,0.5365314004110192
0.37268752102253616,0.5568592057761733,0.5365231506701966
0.37285570131180623,0.5570590888588183,0.5365064758288319
0.37302388160107636,0.5572587917042381,0.5364628038331951
0.3731920618903464,0.5570076611086074,0.5364557714869591
0.37336024217961655,0.5567567567567567,0.5364323172511495
0.3735284224688866,0.5565060783430887,0.5364167728267241
0.37369660275815675,0.5567056705670567,0.5364142556523743
0.3738647830474268,0.5569050832208727,0.5364058053541383
0.37403296333669694,0.5571043165467626,0.5363919760668746
0.374201143625967,0.5568539325842696,0.5363884209239302
0.37436932391523714,0.5566037735849056,0.5363671427698082
0.3745375042045072,0.5563538392456219,0.5363230099044263
0.37470568449377734,0.5565529622980251,0.5363114054949659
0.3748738647830474,0.5563032750112158,0.5363043573671782
0.37504204507231753,0.5565022421524664,0.5362502417922272
0.3752102253615876,0.5562528014343344,0.5362415688957922
0.3753784056508577,0.5564516129032258,0.5361655510124224
0.3755465859401278,0.5566502463054187,0.5361318088699162
0.3757147662293979,0.5568487018800358,0.5360903031974357
0.375882946518668,0.556599552572707,0.5360770936042296
0.3760511268079381,0.5567978533094812,0.5360634861337199
0.3762193070972082,0.5565489494859186,0.5360536838885793
0.3763874873864783,0.5567470956210903,0.5360473837248808
0.3765556676757484,0.5564984368021438,0.5360456281703115
0.3767238479650185,0.55625,0.5360430220492363
0.3768920282542886,0.5560017849174476,0.5360258198525427
0.3770602085435587,0.556199821587868,0.5360152372289652
0.3772283888328288,0.5563976816763263,0.5359781518391763
0.3773965691220989,0.5565953654188949,0.5359736271940307
0.37756474941136897,0.5567928730512249,0.5359511596698521
0.3777329297006391,0.5565449688334817,0.5359506025469779
0.37790110998990917,0.5567423230974633,0.5358999196385025
0.3780692902791793,0.5569395017793595,0.5358874465366575
0.37823747056844936,0.5566918630502445,0.5358526728805723
0.3784056508577195,0.5568888888888889,0.5358352409596312
0.37857383114698956,0.5570857396712572,0.5357444215343325
0.3787420114362597,0.5572824156305506,0.5357437679086068
0.37891019172552975,0.5570350643586329,0.5357247197102676
0.3790783720147999,0.5567879325643301,0.5357243798301671
0.37924655230406995,0.5565410199556541,0.535718097992538
0.3794147325933401,0.5567375886524822,0.5357089020525758
0.37958291288261015,0.5569339831634914,0.535677600877258
0.37975109317188027,0.5571302037201062,0.5356719720060166
0.37991927346115034,0.5568835768038956,0.535654898593699
0.38008745375042047,0.5566371681415929,0.5356176094296247
0.38025563403969054,0.5568332596196374,0.5356121593937141
0.38042381432896066,0.5565870910698497,0.5356114803401242
0.38059199461823073,0.556783031374282,0.535588553529539
0.38076017490750086,0.5565371024734982,0.5355838821721685
0.38092835519677093,0.5567328918322296,0.5355308027452079
0.38109653548604105,0.5564872021182701,0.5354988194640912
0.3812647157753111,0.5562417291574768,0.535496237780861
0.38143289606458125,0.5564373897707231,0.5354892717339318
0.3816010763538513,0.5566328779197884,0.5354692262807498
0.38176925664312145,0.5568281938325991,0.5354637605842749
0.3819374369323915,0.5565830030823425,0.5354546160500789
0.38210561722166164,0.5563380281690141,0.5354456659659417
0.3822737975109317,0.5565332160140783,0.5354310117748515
0.38244197780020184,0.5562884784520669,0.5354244088033137
0.3826101580894719,0.5564835164835165,0.535336156919776
0.38277833837874203,0.5566783831282952,0.5353202180548897
0.3829465186680121,0.556873078612209,0.5352955496725373
0.38311469895728223,0.5570676031606673,0.5352832454086947
0.3832828792465523,0.5572619569986836,0.5352791901927509
0.3834510595358224,0.5570175438596491,0.535208222083241
0.3836192398250925,0.5567733450241122,0.5351920860086017
0.3837874201143626,0.5565293602103418,0.5351863842631701
0.3839556004036327,0.5567236092860272,0.5351308359486734
0.3841237806929028,0.5569176882661997,0.5351104460686087
0.3842919609821729,0.5571115973741795,0.5350966216651412
0.384460141271443,0.5573053368328958,0.5350766405496641
0.3846283215607131,0.5570616528202886,0.5350670149204891
0.3847965018499832,0.5568181818181818,0.5350291465445947
0.3849646821392533,0.5565749235474006,0.5349870591118895
0.3851328624285234,0.5563318777292576,0.5349867586633887
0.3853010427177935,0.5560890440855522,0.5349831773631567
0.3854692230070636,0.555846422338569,0.5349556509840393
0.38563740329633367,0.5556040122110771,0.5348922625403056
0.38580558358560374,0.555797733217088,0.5348679300118026
0.38597376387487387,0.5559912854030501,0.5348662912708749
0.38614194416414394,0.5557491289198606,0.5348524654005832
0.38631012445341406,0.5559425337396604,0.5348508530939913
0.38647830474268413,0.556135770234987,0.5348436295725386
0.38664648503195426,0.5558938668986516,0.5348254878350623
0.3868146653212243,0.5560869565217391,0.5347973307476441
0.38698284561049445,0.555845284658844,0.5347931728355377
0.3871510258997645,0.555603822762815,0.5347895573947373
0.38731920618903465,0.5553625705601389,0.5347542906929434
0.3874873864783047,0.5555555555555556,0.5347325871503442
0.38765556676757484,0.5557483731019522,0.5346901685026416
0.3878237470568449,0.5559410234171726,0.5346193835193759
0.38799192734611504,0.5561335067186822,0.5346006835448512
0.3881601076353851,0.5558925476603119,0.5345619667232472
0.38832828792465524,0.5560848852317021,0.5345066880835252
0.3884964682139253,0.5558441558441558,0.5345044958382124
0.38866464850319543,0.5556036347901342,0.5344717378297474
0.3888328287924655,0.5557958477508651,0.5344351891386991
0.3890010090817356,0.5559878945092953,0.534431029273559
0.3891691893710057,0.5561797752808989,0.5344184378796073
0.3893373696602758,0.555939524838013,0.5344061766117743
0.3895055499495459,0.555699481865285,0.5343966938207291
0.389673730238816,0.5554596460940872,0.5343235503698359
0.3898419105280861,0.5556514236410699,0.5343182786528926
0.3900100908173562,0.5554118154376887,0.5342885509213725
0.3901782711066263,0.555603448275862,0.534282361541318
0.3903464513958964,0.5557949159844895,0.534263199763121
0.3905146316851665,0.5555555555555556,0.5342218312717283
0.3906828119744366,0.5557468790357296,0.5342206174207477
0.3908509922637067,0.5555077452667814,0.5342149799138328
0.3910191725529768,0.5556989247311828,0.5342041171613263
0.39118735284224687,0.5554600171969045,0.5342027947751983
0.391355533131517,0.5556510528577567,0.5341917981547999
0.39152371342078707,0.5554123711340206,0.5341433611788824
0.3916918937100572,0.5556032632030915,0.534052249028083
0.39186007399932726,0.5553648068669528,0.5340363616289296
0.3920282542885974,0.5551265551265552,0.5340086424638619
0.39219643457786746,0.5553173241852487,0.5339798549944746
0.3923646148671376,0.5550792970424346,0.5339594027634597
0.39253279515640765,0.5552699228791774,0.5339590159684563
0.3927009754456778,0.5554603854389721,0.5339506228713933
0.39286915573494785,0.5556506849315068,0.5339079616710004
0.393037336024218,0.5558408215661104,0.5338936938555744
0.39320551631348805,0.5556030795551754,0.533854589348543
0.39337369660275817,0.5553655408294143,0.5338424202279645
0.39354187689202824,0.5555555555555556,0.533840176028402
0.39371005718129837,0.5557454079453226,0.5338225717165127
0.39387823747056844,0.555935098206661,0.5337718589566529
0.39404641775983856,0.5561246265471618,0.5337144072801656
0.39421459804910863,0.5558873720136519,0.5337116842346592
0.39438277833837876,0.5556503198294243,0.5336892565257286
0.39455095862764883,0.5554134697357204,0.5336755808999674
0.39471913891691895,0.5551768214742224,0.5336700809078048
0.394887319206189,0.5549403747870528,0.5336464765163867
0.39505549949545915,0.5551298424861644,0.5336336399903016
0.3952236797847292,0.5553191489361702,0.5336316058104498
0.39539186007399935,0.5550829434283284,0.533588564717113
0.3955600403632694,0.5548469387755102,0.5335364663548643
0.39572822065253954,0.5546111347216319,0.5335215332905521
0.3958964009418096,0.5548003398470688,0.5335011787360966
0.39606458123107974,0.5545647558386412,0.5335005341779088
0.3962327615203498,0.5543293718166383,0.5334679753729029
0.39640094180961993,0.5545184556639796,0.5334551742838269
0.39656912209889,0.55470737913486,0.53343870220801
0.39673730238816013,0.5548961424332344,0.5334243325565802
0.3969054826774302,0.5550847457627118,0.5334018631667916
0.3970736629667003,0.554849639983058,0.5333938746420247
0.3972418432559704,0.554614733276884,0.5333761824404863
0.3974100235452405,0.5543800253914516,0.533347658105715
0.3975782038345106,0.5541455160744501,0.5333436729547205
0.3977463841237807,0.5543340380549683,0.5333298392562815
0.3979145644130508,0.5545224006762468,0.5333154110105675
0.3980827447023209,0.554710604140262,0.5333149972232946
0.398250924991591,0.5544763513513513,0.5333098570266828
0.3984191052808611,0.554664415365133,0.533283769798938
0.3985872855701312,0.5548523206751055,0.5332773124846933
0.3987554658594013,0.5546183045128638,0.5332715886442001
0.3989236461486714,0.5543844856661045,0.5332495517971544
0.3990918264379415,0.5545722713864307,0.5332466920509799
0.39926000672721157,0.554759898904802,0.5332389266918787
0.3994281870164817,0.5549473684210526,0.5332198717593456
0.39959636730575177,0.5551346801346801,0.5331740119431355
0.3997645475950219,0.55490113588557,0.5331487636788441
0.39993272788429196,0.5550883095037847,0.533141769569815
0.40010090817356203,0.5548549810844893,0.5330962052923028
0.40026908846283216,0.5546218487394958,0.5330927021757635
0.4004372687521022,0.5543889122217556,0.5330724325707002
0.40060544904137235,0.5541561712846348,0.5330651297099932
0.4007736293306424,0.5543432647922787,0.5330560901777308
0.40094180961991255,0.5545302013422819,0.533047059125119
0.4011099899091826,0.5542976939203355,0.533030414837737
0.40127817019845274,0.5540653813914501,0.5330269818747053
0.4014463504877228,0.5538332635106828,0.533026431342376
0.40161453077699294,0.5540201005025126,0.5329924207151481
0.401782711066263,0.5537881958978652,0.5329706190346349
0.40195089135553314,0.5539748953974896,0.5329655182388902
0.4021190716448032,0.5537432036804685,0.532936152598091
0.40228725193407333,0.5539297658862876,0.5329062698817995
0.4024554322233434,0.5541161721688257,0.5328715784175182
0.4026236125126135,0.5538847117794486,0.5328710260487663
0.4027917928018836,0.5536534446764092,0.5328645591500059
0.4029599730911537,0.5534223706176962,0.5328567107882155
0.4031281533804238,0.5536086775135586,0.5328414297165608
0.4032963336696939,0.5533778148457048,0.532829572343419
0.403464513958964,0.5531471446436015,0.532826918891219
0.4036326942482341,0.5533333333333333,0.5328177687732985
0.4038008745375042,0.5531028738025823,0.5327833737634494
0.4039690548267743,0.5528726061615321,0.5327751676614606
0.4041372351160444,0.5530586766541823,0.5327627058469175
0.4043054154053145,0.5532445923460898,0.5326991963694627
0.4044735956945846,0.5534303534303534,0.5326890720330398
0.4046417759838547,0.5532003325020781,0.532679916843695
0.40480995627312477,0.552970502700457,0.5326593209472296
0.4049781365623949,0.553156146179402,0.5326477442152021
0.40514631685166497,0.5533416355334163,0.532646936766461
0.4053144971409351,0.5535269709543569,0.5326418167203935
0.40548267743020516,0.553712152633762,0.5326349985493939
0.4056508577194753,0.5538971807628524,0.5326186874840159
0.40581903800874536,0.5536676336510568,0.5325939276378291
0.4059872182980155,0.5534382767191384,0.5325875277029376
0.40615539858728555,0.5532091097308489,0.5325718803651714
0.4063235788765557,0.5533940397350994,0.5325531370738882
0.40649175916582575,0.5531650806785271,0.5325504887017944
0.4066599394550959,0.5533498759305211,0.532539508225359
0.40682811974436595,0.5535345183960314,0.5325162271771245
0.40699630003363607,0.5533057851239669,0.5324794287624526
0.40716448032290614,0.5530772408095829,0.5324772610844346
0.40733266061217627,0.5532617671345995,0.5324524878947569
0.40750084090144634,0.5530334296326868,0.5324392890088829
0.40766902119071646,0.5532178217821783,0.5324381900344726
0.40783720147998653,0.5534020618556701,0.5324349409200796
0.40800538176925666,0.5531739488870568,0.5324303521367998
0.40817356205852673,0.5533580552121962,0.5324087599788495
0.40834174234779685,0.5535420098846787,0.5324063633573283
0.4085099226370669,0.5537258130918074,0.5323977457804595
0.40867810292633705,0.5534979423868313,0.5323855758313647
0.4088462832156071,0.5536816125051419,0.5323839834009317
0.40901446350487725,0.553453947368421,0.5323817415979398
0.4091826437941473,0.5536374845869297,0.5323080592437659
0.40935082408341744,0.5534100246507806,0.5322700274304991
0.4095190043726875,0.5535934291581108,0.532259540972423
0.40968718466195764,0.5537766830870279,0.5322589716689002
0.4098553649512277,0.5535494460402134,0.5322574223351114
0.41002354524049783,0.5533223954060705,0.5322544835389121
0.4101917255297679,0.5530955309553095,0.5322343346823908
0.41035990581903803,0.5532786885245902,0.5322268368875458
0.4105280861083081,0.5530520278574355,0.5322190808718308
0.4106962663975782,0.5532350532350533,0.5322187185797906
0.4108644466868483,0.5530085959885387,0.5322101025711641
0.4110326269761184,0.5531914893617021,0.5322010690283999
0.4112008072653885,0.5533742331288344,0.532187905829457
0.4113689875546586,0.553556827473426,0.5321799236253829
0.4115371678439287,0.5537392725786677,0.5321507291455886
0.4117053481331988,0.553921568627451,0.5321497862957681
0.4118735284224689,0.5536953858717844,0.5321068283765701
0.412041708711739,0.5538775510204081,0.5320821493851158
0.4122098890010091,0.5540595675234599,0.5319836820394441
0.4123780692902792,0.5542414355628059,0.5319829312232348
0.4125462495795493,0.5544231553200163,0.531982324477652
0.4127144298688194,0.5546047269763651,0.5319611991026285
0.41288261015808947,0.5543788187372709,0.5319458350690371
0.4130507904473596,0.5541530944625407,0.5319085187776535
0.41321897073662966,0.5539275539275539,0.5318637124020151
0.4133871510258998,0.5541090317331163,0.531846021131881
0.41355533131516986,0.5542903619357462,0.5318350126769777
0.41372351160444,0.5544715447154471,0.5318243423439382
0.41389169189371006,0.5546525802519301,0.531815651591253
0.4140598721829802,0.5548334687246141,0.5318058497609476
0.41422805247225025,0.5546082013804303,0.5317904519674879
0.4143962327615203,0.5543831168831169,0.5317806242851623
0.41456441305079045,0.5545638945233266,0.5317406969164473
0.4147325933400605,0.5543390105433901,0.5317294976351464
0.41490077362933064,0.5545196595054722,0.5317016063270964
0.4150689539186007,0.5542949756888168,0.5316669591993164
0.41523713420787084,0.5540704738760632,0.531640558288321
0.4154053144971409,0.554251012145749,0.5316232544057272
0.41557349478641104,0.5540267098340753,0.5316166615673408
0.4157416750756811,0.5538025889967637,0.5316053744108982
0.41590985536495123,0.5535786494136676,0.5315576117900925
0.4160780356542213,0.5537590945836701,0.5315331404043698
0.4162462159434914,0.553939393939394,0.5314784723119497
0.4164143962327615,0.5537156704361874,0.5314399119458593
0.4165825765220316,0.5538958417440453,0.5314326256866603
0.4167507568113017,0.5536723163841808,0.5314116331980362
0.4169189371005718,0.5534489713594192,0.5313960527161791
0.4170871173898419,0.5536290322580645,0.5313855975765565
0.417255297679112,0.5538089480048367,0.5313819964338891
0.4174234779683821,0.5539887187751813,0.5313683354207751
0.4175916582576522,0.554168344744261,0.5313456731895513
0.4177598385469223,0.5543478260869565,0.531345481279203
0.4179280188361924,0.5545271629778672,0.5313270508343153
0.4180961991254625,0.5543041029766693,0.5313234442564826
0.4182643794147326,0.5540812223562526,0.5312503072168214
0.41843255970400267,0.5542604501607717,0.5312267710610867
0.4186007399932728,0.5544395339493773,0.5312000540731604
0.41876892028254287,0.5546184738955823,0.5311937361017807
0.418937100571813,0.5547972701726215,0.5311660046872908
0.41910528086108306,0.554975922953451,0.5311162970408865
0.4192734611503532,0.5551544324107501,0.5311089385340902
0.41944164143962326,0.5553327987169207,0.5310912532102536
0.4196098217288934,0.5555110220440882,0.5310790586972224
0.41977800201816345,0.5556891025641025,0.5310475480745828
0.4199461823074336,0.5558670404485383,0.5310250567723469
0.42011436259670365,0.55564451561249,0.5309824829016773
0.4202825428859738,0.555422168867547,0.5309817764522489
0.42045072317524385,0.5552,0.5309678693127512
0.42061890346451397,0.5549780087964814,0.5309258056515579
0.42078708375378404,0.5547561950439648,0.5309073145729073
0.42095526404305417,0.5545345585297643,0.5309011229073095
0.42112344433232424,0.5543130990415336,0.5307992549179749
0.42129162462159436,0.5544910179640719,0.5307627769232628
0.42145980491086443,0.5546687948922586,0.5307436991375474
0.42162798520013456,0.5548464299960112,0.5307359847975627
0.42179616548940463,0.5546251993620415,0.530734060010918
0.42196434577867475,0.5548027102431248,0.5307181172706651
0.4221325260679448,0.5549800796812749,0.5307097628052683
0.42230070635721495,0.5551573078454799,0.5306969147863774
0.422468886646485,0.5553343949044586,0.5306800330920879
0.42263706693575515,0.5555113410266613,0.5306477295603842
0.4228052472250252,0.5556881463802705,0.5306381546025041
0.42297342751429534,0.5554671968190855,0.5305967341487947
0.4231416078035654,0.5552464228934817,0.5305820813903013
0.42330978809283554,0.5554231227651967,0.530563399470779
0.4234779683821056,0.5555996822875298,0.5305321848213684
0.42364614867137573,0.555379118697896,0.5305259799277222
0.4238143289606458,0.5555555555555556,0.530502005981475
0.42398250924991593,0.5553351844506148,0.530497105803183
0.424150689539186,0.5555114988104679,0.530464928014738
0.4243188698284561,0.555687673404677,0.5304599521545948
0.4244870501177262,0.555863708399366,0.5304545378564354
0.4246552304069963,0.5560396039603961,0.5304452563145461
0.4248234106962664,0.556215360253365,0.5304421350908923
0.4249915909855365,0.55599525128611,0.5304334798477089
0.4251597712748066,0.5561708860759493,0.5304271939597444
0.4253279515640767,0.5563463819691578,0.5304220308594432
0.4254961318533468,0.5565217391304348,0.5303986653691035
0.4256643121426169,0.5563018569735283,0.530384337116463
0.425832492431887,0.5560821484992101,0.5303726609984697
0.4260006727211571,0.5562574022897749,0.5303514340041285
0.4261688530104272,0.5560378847671665,0.5303431729034884
0.4263370332996973,0.5558185404339251,0.5303185316374933
0.42650521358896737,0.5555993690851735,0.5303037341989131
0.4266733938782375,0.5553803705163579,0.530282893977974
0.42684157416750756,0.5551615445232466,0.5302576735436411
0.4270097544567777,0.5549428909019299,0.5302338463398186
0.42717793474604776,0.5551181102362205,0.530230156057855
0.4273461150353179,0.555293191656828,0.5301622492730892
0.42751429532458796,0.55507474429583,0.5301613210622552
0.4276824756138581,0.5552497050727487,0.53015932283337
0.42785065590312815,0.5550314465408805,0.53014666219981
0.4280188361923983,0.5552062868369352,0.5301199996587063
0.42818701648166835,0.5553809897879026,0.5301106201177249
0.4283551967709385,0.5551629367883785,0.5300263390959699
0.42852337706020854,0.554945054945055,0.5300142759445159
0.4286915573494786,0.5547273440564927,0.5299465394999828
0.42885973763874874,0.5549019607843138,0.5299062862065987
0.4290279179280188,0.5546844374754998,0.5298904865550965
0.42919609821728893,0.554858934169279,0.5298687238209987
0.429364278506559,0.5550332941637289,0.5298450953394924
0.42953245879582913,0.5548159749412686,0.5298282466216351
0.4297006390850992,0.5549902152641879,0.5298228420294899
0.4298688193743693,0.5551643192488263,0.5297649454299899
0.4300369996636394,0.5553382870551428,0.5297136519030387
0.4302051799529095,0.5551211884284597,0.529681412055333
0.4303733602421796,0.5552950371238765,0.5296771395143672
0.4305415405314497,0.555078125,0.5296160114905365
0.4307097208207198,0.5552518547442405,0.5295705266329181
0.4308779011099899,0.5554254488680718,0.5295596740233968
0.43104608139926,0.555598907530238,0.5295402957605123
0.4312142616885301,0.5557722308892356,0.5295375624052777
0.4313824419778002,0.5559454191033139,0.5295346111976486
0.4315506222670703,0.5561184723304754,0.5294983602659412
0.4317188025563404,0.555901830931048,0.5294939150504806
0.4318869828456105,0.5560747663551402,0.529480032196514
0.43205516313488057,0.555858310626703,0.5294595553071264
0.4322233434241507,0.5560311284046693,0.529446901208262
0.43239152371342077,0.5558148580318942,0.5294468171408294
0.4325597040026909,0.5559875583203733,0.529445742292648
0.43272788429196096,0.5557714729887291,0.5293741323118074
0.4328960645812311,0.5559440559440559,0.529344054343734
0.43306424487050116,0.5557281553398058,0.5293234885585851
0.4332324251597713,0.5559006211180124,0.529312388906188
0.43340060544904135,0.5560729530461778,0.5293090645011291
0.4335687857383115,0.556245151280062,0.5292826608225589
0.43373696602758155,0.5564172159751842,0.5292737572250727
0.4339051463168517,0.5565891472868217,0.529207688418789
0.43407332660612175,0.5563734986439365,0.5291645557065184
0.43424150689539187,0.5565453137103021,0.5291062388139726
0.43440968718466194,0.556716995741386,0.5290743494725094
0.43457786747393207,0.5568885448916409,0.5289462491221806
0.43474604776320214,0.5570599613152805,0.5289458811165586
0.43491422805247226,0.5568445475638051,0.5289426272377512
0.43508240834174233,0.5566293003478933,0.5289398774837902
0.43525058863101246,0.5564142194744977,0.528872506609364
0.43541876892028253,0.5565855542680571,0.528862218091978
0.43558694920955265,0.5563706563706564,0.5288351752904298
0.4357551294988227,0.5565418757236589,0.5288085067440891
0.43592330978809285,0.5567129629629629,0.5288053856615963
0.4360914900773629,0.5568839182414193,0.5287964683697751
0.43625967036663305,0.5566692367000771,0.528741065311556
0.4364278506559031,0.5564547206165703,0.5287273631290338
0.43659603094517324,0.5566255778120185,0.5287140244346117
0.4367642112344433,0.5567963034270312,0.5286535485444234
0.43693239152371344,0.5569668976135489,0.5286311483649319
0.4371005718129835,0.5571373605232782,0.528609737081397
0.43726875210225363,0.5573076923076923,0.5286094953627694
0.4374369323915237,0.5570934256055363,0.528608141082461
0.43760511268079383,0.5568793235972329,0.5285690107424977
0.4377732929700639,0.5570495582020746,0.5285413025760274
0.437941473259334,0.5572196620583717,0.5285381930527295
0.4381096535486041,0.5570057581573896,0.5285374454409705
0.4382778338378742,0.5571757482732157,0.5285292888617282
0.4384460141271443,0.5569620253164557,0.5285242366926421
0.4386141944164144,0.5567484662576687,0.5284590069456138
0.4387823747056845,0.556535070908394,0.5283683716869533
0.4389505549949546,0.5563218390804597,0.5283419139425075
0.4391187352842247,0.5561087705859824,0.5283155152659109
0.4392869155734948,0.5562787136294027,0.5281870421385761
0.4394550958627649,0.5564485265977803,0.528144493816078
0.439623276152035,0.5562356541698547,0.5281377639068845
0.4397914564413051,0.5564053537284895,0.5281296620986881
0.4399596367305752,0.5565749235474006,0.528112783750539
0.44012781701984527,0.5563622468475353,0.5280879629505608
0.4402959973091154,0.5561497326203209,0.5280840729426758
0.44046417759838546,0.5559373806796487,0.5280829417966236
0.4406323578876556,0.5561068702290076,0.5280731876784553
0.44080053817692566,0.5558946966806563,0.5280640171599018
0.4409687184661958,0.5560640732265446,0.5280271905449906
0.44113689875546586,0.5562333206252382,0.5279942713437196
0.441305079044736,0.5564024390243902,0.5279783465826311
0.44147325933400605,0.5565714285714286,0.527937523836595
0.4416414396232762,0.5563594821020563,0.5279346859815639
0.44180961991254625,0.5561476969927674,0.527898711699571
0.4419778002018164,0.5559360730593608,0.5278948201260621
0.44214598049108644,0.5561049828832255,0.52784860991219
0.44231416078035657,0.5562737642585551,0.5278339435520143
0.44248234106962664,0.556442417331813,0.527747135696147
0.44265052135889676,0.5566109422492401,0.5277420556282089
0.44281870164816683,0.5567793391568553,0.5277116869797818
0.4429868819374369,0.5569476082004556,0.527648471679224
0.44315506222670703,0.5571157495256167,0.5276251416620585
0.4433232425159771,0.5572837632776935,0.5275997147730094
0.4434914228052472,0.5574516496018203,0.5275821159821391
0.4436596030945173,0.5572403335860501,0.5275820631059971
0.4438277833837874,0.557408109132247,0.5275748254243406
0.4439959636730575,0.5575757575757576,0.5275652911281223
0.4441641439623276,0.5577432790609618,0.5275616747938535
0.4443323242515977,0.5579106737320212,0.527547339338563
0.4445005045408678,0.5576995838062807,0.5275386574104212
0.4446686848301379,0.5574886535552194,0.5275154486362605
0.444836865119408,0.5572778827977316,0.5274956835395618
0.4450050454086781,0.5570672713529856,0.527457229569669
0.4451732256979482,0.5568568190404232,0.5274564692973933
0.4453414059872183,0.55702416918429,0.5274451820348345
0.4455095862764884,0.5568138920347301,0.5274448090258276
0.44567776656575847,0.5566037735849056,0.5274308450230167
0.4458459468550286,0.5563938136552244,0.5273766250956216
0.44601412714429867,0.5565610859728507,0.5273431152687266
0.4461823074335688,0.5567282321899736,0.5273071861189016
0.44635048772283886,0.5565184626978146,0.5272406816462848
0.446518668012109,0.5566854990583804,0.5272087552179414
0.44668684830137906,0.5564759036144579,0.5272071276254562
0.4468550285906492,0.556266465939029,0.5271982136522642
0.44702320887991925,0.5564334085778782,0.5271839607641099
0.4471913891691894,0.5566002256487401,0.5271473534033645
0.44735956945845945,0.556390977443609,0.5271456411154395
0.4475277497477296,0.5561818865088313,0.5271411548500524
0.44769593003699965,0.5563486100676184,0.5271024400817005
0.44786411032626977,0.5565152084115659,0.5270972432698725
0.44803229061553984,0.5566816816816816,0.5270969352096114
0.44820047090480997,0.5568480300187617,0.5270912168048735
0.44836865119408004,0.5570142535633908,0.5270737906403216
0.44853683148335016,0.557180352455943,0.527055776843039
0.44870501177262023,0.5573463268365817,0.5270479250846425
0.44887319206189036,0.5571375046834021,0.5270166313351131
0.44904137235116043,0.5569288389513108,0.5270144606005743
0.44920955264043055,0.55672032946462,0.5270136354674706
0.4493777329297006,0.5565119760479041,0.5269617051293575
0.44954591321897075,0.5563037785260008,0.5269115945329931
0.4497140935082408,0.556095736724009,0.5268905626564926
0.44988227379751095,0.5558878504672897,0.526886776245174
0.450050454086781,0.5560538116591929,0.5268783609588753
0.45021863437605114,0.5562196488606649,0.526861203027523
0.4503868146653212,0.556385362210605,0.5268347119344462
0.45055499495459134,0.5561776782381486,0.5268178228872366
0.4507231752438614,0.5559701492537313,0.5268059957084295
0.45089135553313153,0.5557627750839239,0.5268029531830297
0.4510595358224016,0.5555555555555556,0.5267748134411843
0.45122771611167173,0.5553484904957138,0.5267261682009462
0.4513958964009418,0.5551415797317437,0.5266972047339503
0.4515640766902119,0.5549348230912476,0.5266810116333167
0.451732256979482,0.5551005212211467,0.5266258319500603
0.4519004372687521,0.5552660960178638,0.5266218465470723
0.4520686175580222,0.5554315476190477,0.5265692770825133
0.4522367978472923,0.555596876162142,0.5265516084945077
0.4524049781365624,0.5557620817843866,0.5264561135516334
0.4525731584258325,0.5555555555555556,0.5264379062011598
0.4527413387151026,0.5557206537890045,0.5264360218230939
0.4529095190043727,0.5555142963238024,0.526410984641646
0.4530776992936428,0.5553080920564217,0.5263832839670852
0.4532458795829129,0.5551020408163265,0.5263817084411849
0.453414059872183,0.55526706231454,0.5263484567053908
0.4535822401614531,0.5550611790878754,0.526329376745901
0.45375042045072317,0.5552260934025204,0.5262843727485799
0.4539186007399933,0.5550203779177473,0.5262803162811285
0.45408678102926336,0.5551851851851852,0.5262569520635333
0.4542549613185335,0.5553498704183636,0.5262394105968552
0.45442314160780356,0.5551443375277573,0.5261868520297327
0.4545913218970737,0.5553089160192379,0.5261703658652066
0.45475950218634376,0.5554733727810651,0.5261259198911478
0.4549276824756139,0.555268022181146,0.5261128670199587
0.45509586276488395,0.5550628233555063,0.5261119743056597
0.4552640430541541,0.5552271887698559,0.5261056810902379
0.45543222334342415,0.5550221565731167,0.5260392772189277
0.4556004036326943,0.5551864156515319,0.5260134841501086
0.45576858392196434,0.5553505535055351,0.5260034320114945
0.45593676421123447,0.5551457026927333,0.5259911950522008
0.45610494450050454,0.5553097345132744,0.5259717246236888
0.45627312478977466,0.5554736454109841,0.5259435040902566
0.45644130507904473,0.5552689756816507,0.5259046569574429
0.45660948536831486,0.5554327808471455,0.5258798950335267
0.45677766565758493,0.5555964653902798,0.5258747840827396
0.45694584594685506,0.55576002944424,0.5258474876346604
0.4571140262361251,0.5559234731420162,0.5258346111946882
0.4572822065253952,0.5557190143435087,0.5258228277448679
0.4574503868146653,0.555514705882353,0.5257919990585606
0.4576185671039354,0.5556780595369349,0.5257567726208754
0.4577867473932055,0.5558412931667891,0.5257517551825489
0.4579549276824756,0.5560044069041499,0.5257350431485157
0.4581231079717457,0.5561674008810573,0.5257313777267959
0.4582912882610158,0.5559633027522936,0.5257208465899622
0.4584594685502859,0.5561261922230374,0.5256941114630234
0.458627648839556,0.5562889622295563,0.5256780145152233
0.4587958291288261,0.5560850439882697,0.5256644407390412
0.4589640094180962,0.5558812751923782,0.5256544600515415
0.4591321897073663,0.5560439560439561,0.5256129307445102
0.45930036999663637,0.5558403515195899,0.5255964153837925
0.4594685502859065,0.5560029282576867,0.5255341282791591
0.45963673057517657,0.5561653860226857,0.5255254975470112
0.4598049108644467,0.5563277249451354,0.5255234832425946
0.45997309115371676,0.5561243144424132,0.5255141440825628
0.4601412714429869,0.5562865497076024,0.5254596151209742
0.46030945173225696,0.556448666423091,0.5254459876029514
0.4604776320215271,0.5566106647187729,0.5253864251688093
0.46064581231079715,0.556407447973713,0.5253811249411553
0.4608139926000673,0.5565693430656934,0.525351686921766
0.46098217288933735,0.5567311200291865,0.5253381491849497
0.4611503531786075,0.5565280816921955,0.5253173583743574
0.46131853346787755,0.5566897557418884,0.5252563892888703
0.46148671375714767,0.5564868804664723,0.5252535403934704
0.46165489404641774,0.556648451730419,0.525230964856652
0.46182307433568787,0.5568099053168245,0.5251938683926655
0.46199125462495794,0.5569712413542046,0.5251839322447761
0.46215943491422806,0.5571324599708879,0.5251808447825271
0.46232761520349813,0.5572935612950164,0.5251773784866642
0.46249579549276826,0.5574545454545454,0.5251284705550192
0.46266397578203833,0.5576154125772447,0.5251284538000492
0.46283215607130845,0.5574127906976745,0.5250975346598509
0.4630003363605785,0.5572103160188885,0.5250966955344447
0.46316851664984865,0.5573710965867829,0.5250755606221388
0.4633366969391187,0.5575317604355717,0.525074268062388
0.46350487722838885,0.5576923076923077,0.5250346090988954
0.4636730575176589,0.5574900253899165,0.5249982696552209
0.46384123780692904,0.5576504713560552,0.5249884893255908
0.4640094180961991,0.5574483508517579,0.524973553620807
0.46417759838546924,0.5572463768115942,0.5249303207169753
0.4643457786747393,0.5570445490764215,0.5248376352533104
0.46451395896400943,0.556842867487328,0.5248125154307721
0.4646821392532795,0.5566413318856316,0.5247900882888272
0.46485031954254963,0.5564399421128798,0.5247833380524799
0.4650184998318197,0.5566003616636528,0.5247795155687401
0.4651866801210898,0.556760665220535,0.5247159304283044
0.4653548604103599,0.5565594506685941,0.5247108136583793
0.46552304069963,0.5563583815028902,0.5246426101365839
0.4656912209889001,0.5561574575659083,0.5246407704454182
0.4658594012781702,0.5563176895306859,0.5245951739359577
0.4660275815674403,0.5561169252977265,0.5245592838340517
0.4661957618567104,0.5562770562770563,0.5245487945177703
0.4663639421459805,0.5564370717634332,0.5244824095981802
0.4665321224352506,0.5562364816149964,0.5244816996635969
0.4667003027245207,0.556036036036036,0.524481639043481
0.4668684830137908,0.5561959654178674,0.5244742361948381
0.4670366633030609,0.5559956787900612,0.5244741023993185
0.467204843592331,0.5561555075593952,0.524420706819114
0.46737302388160107,0.5563152213026269,0.5243588134745549
0.4675412041708712,0.5564748201438849,0.5243368553507739
0.46770938446014126,0.556274721323265,0.5243262102525431
0.4678775647494114,0.5564342199856218,0.5243251108943084
0.46804574503868146,0.556593604024434,0.5243093387819148
0.4682139253279516,0.5563936781609196,0.52429098128421
0.46838210561722166,0.5561938958707361,0.5242831330309331
0.4685502859064918,0.5563531945441493,0.5242796324457599
0.46871846619576185,0.5565123789020452,0.5241891711775144
0.468886646485032,0.5566714490674318,0.5241389718522246
0.46905482677430205,0.5564718537110075,0.5241085462935102
0.4692230070635722,0.5562724014336917,0.5240904132865957
0.46939118735284224,0.5560730920816912,0.5240441444460793
0.46955936764211237,0.5562320916905444,0.5240139048787417
0.46972754793138244,0.556032939491586,0.5240036078401041
0.46989572822065256,0.5561918396564066,0.5239833485116345
0.47006390850992263,0.556350626118068,0.523936549595655
0.47023208879919276,0.5561516452074392,0.5239238049902102
0.47040026908846283,0.5559528065784769,0.5239233334890582
0.47056844937773296,0.5561115082201572,0.523916537152674
0.470736629667003,0.555912826009289,0.523907958251714
0.47090480995627315,0.5560714285714285,0.5238815565081729
0.4710729902455432,0.5562299178864691,0.5238631297519284
0.47124117053481335,0.5560314061384726,0.5238414465596382
0.4714093508240834,0.5561897966464502,0.5238282375939761
0.4715775311133535,0.5563480741797432,0.5238199085087653
0.4717457114026236,0.55650623885918,0.5237973404589551
0.4719138916918937,0.556664290805417,0.5237555844472592
0.4720820719811638,0.556465977912362,0.5237417403594099
0.4722502522704339,0.5566239316239316,0.5237332613762306
0.472418432559704,0.5567817728729085,0.5237032211350138
0.4725866128489741,0.5565836298932384,0.523699416062657
0.4727547931382442,0.5567413731768054,0.523697399478978
0.47292297342751427,0.5565433854907539,0.5236834586126496
0.4730911537167844,0.5563455385709207,0.5236718270068327
0.47325933400605447,0.5565031982942431,0.5235656497039443
0.4734275142953246,0.5566607460035524,0.5235528941732485
0.47359569458459466,0.5568181818181818,0.523530265266623
0.4737638748738648,0.5566205182818601,0.5235227117904272
0.47393205516313486,0.5564229950319376,0.5234841608368969
0.474100235452405,0.5562256119191202,0.5234791593521692
0.47426841574167505,0.5560283687943263,0.5234777124176053
0.4744365960309452,0.5561857497341368,0.523472597915164
0.47460477632021525,0.556343019135365,0.5234395461497761
0.4747729566094854,0.5565001771165426,0.5234163379423886
0.47494113689875544,0.556657223796034,0.5233913079236796
0.47510931718802557,0.5568141592920354,0.5233873705235852
0.47527749747729564,0.556970983722576,0.523277656639804
0.47544567776656577,0.5571276972055182,0.5232621015908436
0.47561385805583584,0.5572842998585573,0.5231600712903182
0.47578203834510596,0.5570873100035348,0.5231482617329238
0.47595021863437603,0.557243816254417,0.5231406466414333
0.47611839892364616,0.557400211939244,0.5231020237788119
0.47628657921291623,0.5572033898305084,0.5230940856093538
0.47645475950218635,0.5573596893752206,0.5230081343655036
0.4766229397914564,0.5571630204657727,0.5230078333658791
0.47679112008072655,0.5573192239858906,0.5230006349457896
0.4769593003699966,0.5571227080394923,0.5229908183716462
0.47712748065926675,0.5572788156503349,0.5229641981857327
0.4772956609485368,0.5570824524312896,0.5229550144170103
0.47746384123780694,0.5572384642479746,0.522903538171799
0.477632021527077,0.5573943661971831,0.5228503488795814
0.47780020181634714,0.5571981696585709,0.5228431837549654
0.4779683821056172,0.5573539760731879,0.5228369325709703
0.47813656239488733,0.5575096728807598,0.5228116580230839
0.4783047426841574,0.5576652601969058,0.5227559080809313
0.47847292297342753,0.557469244288225,0.522745087509777
0.4786411032626976,0.5576247364722418,0.5227125655984166
0.4788092835519677,0.5574288724973656,0.5226749707400657
0.4789774638412378,0.5575842696629213,0.5226154096109785
0.4791456441305079,0.5577395577395577,0.5226147982388945
0.479313824419778,0.5575438596491228,0.5225783791637718
0.4794820047090481,0.5573482988425114,0.5224952705723068
0.4796501849983182,0.5571528751753155,0.5224770932254672
0.4798183652875883,0.5569575885033299,0.5224631982795356
0.4799865455768584,0.5571128241065172,0.5224166399448307
0.4801547258661285,0.5569176882661997,0.5224114863677469
0.4803229061553986,0.5567226890756303,0.5223995044951866
0.4804910864446687,0.5568778438921946,0.5223440322909331
0.4806592667339388,0.5570328901329601,0.5223340293782269
0.4808274470232089,0.5571878279118573,0.5223164880056975
0.48099562731247897,0.5573426573426573,0.5223143407380756
0.4811638076017491,0.5574973785389724,0.5222884817600315
0.48133198789101916,0.5576519916142557,0.52226144823081
0.4815001681802893,0.5574572127139364,0.5222065725931885
0.48166834846955936,0.5572625698324022,0.5222050605730761
0.4818365287588295,0.5574171029668412,0.5222013742850139
0.48200470904809956,0.5575715282623867,0.5221931596390321
0.4821728893373697,0.55772584583188,0.5221922821541118
0.48234106962663975,0.5578800557880056,0.5221632564937788
0.4825092499159099,0.5576856047403277,0.5221497946358882
0.48267743020517995,0.5578397212543554,0.5221348972085963
0.4828456104944501,0.5579937304075235,0.5220612785198208
0.48301379078372014,0.5581476323119777,0.5220500085420925
0.48318197107299027,0.5583014270797076,0.5220459587026234
0.48335015136226034,0.5581071677105081,0.5220217693022019
0.48351833165153046,0.5582608695652174,0.5220117321340391
0.48368651194080053,0.5584144645340751,0.5220080737698852
0.48385469223007066,0.5582203684393465,0.5219945433913064
0.48402287251934073,0.5580264072272412,0.5219932405598727
0.48419105280861086,0.5578325807572073,0.521980392909956
0.4843592330978809,0.5579861111111111,0.5219481283099007
0.48452741338715105,0.5581395348837209,0.5218836732110387
0.4846955936764211,0.5582928521859819,0.5218437965983393
0.48486377396569125,0.5580992022199098,0.5217333112538627
0.4850319542549613,0.558252427184466,0.5217003265857578
0.48520013454423144,0.5580589254766031,0.5216864195719016
0.4853683148335015,0.5582120582120582,0.5216776849990414
0.48553649512277164,0.5580187045375823,0.5216649990446435
0.4857046754120417,0.557825484764543,0.521656426975667
0.4858728557013118,0.557632398753894,0.5216344913576687
0.4860410359905819,0.5577854671280277,0.5216321813117324
0.486209216279852,0.5575925285368385,0.5216284779594144
0.4863773965691221,0.5573997233748271,0.5216253954839464
0.48654557685839217,0.5575527134462496,0.5215613718185671
0.4867137571476623,0.5573600552868003,0.5215586759690483
0.48688193743693237,0.5575129533678757,0.5214972058039911
0.4870501177262025,0.5576657458563536,0.5214961583691784
0.48721829801547256,0.557818432861581,0.5214944129151542
0.4873864783047427,0.5579710144927537,0.5214823015243755
0.48755465859401276,0.5581234908589169,0.521415081844426
0.4877228388832829,0.5582758620689655,0.521366174448631
0.48789101917255295,0.5584281282316442,0.521352158866335
0.4880591994618231,0.5585802894555479,0.5212593002004716
0.48822737975109315,0.5587323458491216,0.5212011860810022
0.4883955600403633,0.5588842975206612,0.5211727156382155
0.48856374032963334,0.5590361445783133,0.5211166996783562
0.48873192061890347,0.5588437715072264,0.5210896688257338
0.48890010090817354,0.5586515307877536,0.5210785788702907
0.48906828119744367,0.5584594222833562,0.5210784037643409
0.48923646148671374,0.5582674458576831,0.5210424348839727
0.48940464177598386,0.5584192439862543,0.5210162915827755
0.48957282206525393,0.5585709378220542,0.5210098905636878
0.48974100235452406,0.5587225274725275,0.5209426822543702
0.4899091826437941,0.5585307243391693,0.5207524855754223
0.49007736293306425,0.5586822237474263,0.5207365481766828
0.4902455432223343,0.5588336192109777,0.5207361296019409
0.49041372351160445,0.5589849108367627,0.5207070785755653
0.4905819038008745,0.5591360987315735,0.5206609749691681
0.49075008409014464,0.5592871830020562,0.5206220789249651
0.4909182643794147,0.5590955806783144,0.5205919069197328
0.49108644466868484,0.5592465753424658,0.5205713504613942
0.4912546249579549,0.5590551181102362,0.5205391223233996
0.49142280524722504,0.5592060232717317,0.5204599270707702
0.4915909855364951,0.5590147109134451,0.5203770768708612
0.49175916582576523,0.5591655266757866,0.5203617131797894
0.4919273461150353,0.5593162393162393,0.5203270251395715
0.49209552640430543,0.5591250854408749,0.5202407948752619
0.4922637066935755,0.5589340621797062,0.5201958099174754
0.4924318869828456,0.5590846994535519,0.5201903541575855
0.4926000672721157,0.5592352338682144,0.5201604199807379
0.4927682475613858,0.5590443686006826,0.5201290036506504
0.4929364278506559,0.559194814056636,0.5200518934969379
0.493104608139926,0.5593451568894953,0.5200309494138604
0.4932727884291961,0.5594953972042278,0.5200260928718337
0.4934409687184662,0.5596455351056578,0.5199761602427497
0.4936091490077363,0.5594548551959114,0.5199685409799193
0.4937773292970064,0.5596049046321526,0.5199490781102545
0.4939455095862765,0.5594143684031324,0.519948472998054
0.4941136898755466,0.5592239618788292,0.5199418672598652
0.4942818701648167,0.5590336849268459,0.5199150207261657
0.4944500504540868,0.558843537414966,0.5198657917646691
0.49461823074335687,0.5589935396123767,0.5198582620921846
0.494786411032627,0.5588035350101972,0.519843890802226
0.49495459132189706,0.5589534488617057,0.5198175457461724
0.4951227716111672,0.5591032608695652,0.5197721862960556
0.49529095190043726,0.5592529711375213,0.5197401095913695
0.4954591321897074,0.5590631364562119,0.519676056538753
0.49562731247897746,0.5588734306073974,0.519654752559672
0.4957954927682476,0.5586838534599728,0.5196287032724174
0.49596367305751765,0.558833502882333,0.5196230914727734
0.4961318533467878,0.5586440677966101,0.5195619982939401
0.49630003363605785,0.5587936292782107,0.5195530131152664
0.496468213925328,0.5586043360433605,0.5195467839999673
0.49663639421459804,0.558753809685066,0.5194815033789711
0.49680457450386817,0.5589031821259309,0.5194750089787189
0.49697275479313824,0.5590524534686971,0.5194534694181028
0.49714093508240836,0.5588633288227334,0.5193800091878046
0.49730911537167843,0.5586743320933378,0.5193742078273011
0.49747729566094856,0.5588235294117647,0.5192943110094999
0.49764547595021863,0.558972625887124,0.5192822155440635
0.49781365623948876,0.5587837837837838,0.5192718990171951
0.4979818365287588,0.5589327929753461,0.5192412728156824
0.49815001681802895,0.5590817015530047,0.519234813247252
0.498318197107299,0.5592305096186297,0.5192283646944181
0.49848637739656915,0.5590418353576249,0.5189996146119715
0.4986545576858392,0.5591905564924115,0.518968018510833
0.49882273797510934,0.5590020229265004,0.5189551115914055
0.4989909182643794,0.5588136164475902,0.5189544082362468
0.49915909855364954,0.5589622641509434,0.5189263710770762
0.4993272788429196,0.5587739979791175,0.5188457779441495
0.49949545913218973,0.5585858585858586,0.5187840433113764
0.4996636394214598,0.5583978458431504,0.5187802013299572
0.49983181971072993,0.5585464333781965,0.5187724094039107
0.5,0.5586949209552641,0.5187680040488623
0.5001681802892701,0.558843308675185,0.5187273571439445
0.5003363605785401,0.5589915966386555,0.518631441892097
0.5005045408678103,0.5591397849462365,0.5185757141151061
0.5006727211570804,0.5589519650655022,0.5185310495912422
0.5008409014463505,0.5587642713230356,0.5183492308951884
0.5010090817356205,0.5589123867069486,0.5183488229614608
0.5011772620248907,0.5587248322147651,0.5183455415878229
0.5013454423141608,0.5588728614558873,0.5183365505486832
0.5015136226034309,0.5586854460093896,0.5183255303217413
0.5016818028927009,0.5588333892054979,0.5183229668673293
0.501849983181971,0.5589812332439679,0.5182698959979676
0.5020181634712412,0.5587939698492462,0.5182551500333025
0.5021863437605113,0.5586068318821166,0.5179358150458023
0.5023545240497813,0.5587546032808838,0.5178310996011134
0.5025227043390514,0.5589022757697456,0.517830010515321
0.5026908846283216,0.5587152893944463,0.5178133844901034
0.5028590649175917,0.5585284280936454,0.5177528662041757
0.5030272452068617,0.5586760280842528,0.517750530354118
0.5031954254961318,0.5588235294117647,0.5176778252338035
0.503363605785402,0.5589709321750752,0.5176764187784902
0.5035317860746721,0.5591182364729459,0.5175973464760937
0.5036999663639421,0.5592654424040067,0.5175618062435082
0.5038681466532122,0.5590787716955942,0.5175105696514312
0.5040363269424823,0.559225892559226,0.5174958685929458
0.5042045072317525,0.5593729152768512,0.51749402269941
0.5043726875210225,0.559186395465155,0.5174932209715647
0.5045408678102926,0.5593333333333333,0.5174737261956375
0.5047090480995627,0.5594801732755748,0.5174535957959151
0.5048772283888329,0.5596269153897402,0.5174357462405084
0.5050454086781029,0.5594405594405595,0.5174213634575167
0.505213588967373,0.5595872170439414,0.5174125493429068
0.5053817692566431,0.5597337770382695,0.5172086604561171
0.5055499495459133,0.5598802395209581,0.5170552280658046
0.5057181298351833,0.559694047223146,0.5170182328326373
0.5058863101244534,0.5598404255319149,0.5170015746363722
0.5060544904137235,0.5599867065470255,0.5169681138813519
0.5062226707029936,0.5601328903654486,0.5169417609729842
0.5063908509922637,0.5599468615078047,0.5168896603132799
0.5065590312815338,0.5597609561752988,0.5168180225198905
0.5067272115708039,0.5595751742449386,0.5167443194737521
0.506895391860074,0.559721300597213,0.5166817517092587
0.507063572149344,0.5598673300165837,0.5166377369395657
0.5072317524386142,0.5600132625994695,0.5165263494524105
0.5073999327278843,0.560159098442161,0.516509867419408
0.5075681130171544,0.559973492379059,0.5164361999750801
0.5077362933064244,0.5597880092745943,0.5164003965975832
0.5079044735956946,0.5599337748344371,0.5163240931015545
0.5080726538849647,0.559748427672956,0.5163086655675937
0.5082408341742348,0.5598941098610192,0.5162703383306206
0.5084090144635048,0.5597088984452531,0.5162430572673563
0.508577194752775,0.5598544973544973,0.5162362656343118
0.5087453750420451,0.56,0.5161183009731831
0.5089135553313152,0.5601454064771976,0.5160470897749214
0.5090817356205852,0.5602907168814008,0.5160324174227486
0.5092499159098554,0.5604359313077939,0.5159490112012258
0.5094180961991255,0.5605810498514361,0.5158963032114755
0.5095862764883956,0.5603960396039604,0.5158699311883284
0.5097544567776656,0.5602111514351699,0.5158664051415411
0.5099226370669357,0.5600263852242744,0.5158522663598507
0.5100908173562059,0.5601714474118035,0.5158361724186221
0.510258997645476,0.5599868160843771,0.5158161442020149
0.510427177934746,0.5601317957166392,0.5158027464293856
0.5105953582240161,0.5602766798418972,0.5157883772612636
0.5107635385132863,0.5604214685544946,0.5157357301362907
0.5109317188025564,0.5605661619486504,0.5157160951471118
0.5110998990918264,0.56071076011846,0.515647382060237
0.5112680793810965,0.5608552631578947,0.5156326423082195
0.5114362596703667,0.5609996711608024,0.5156271204272775
0.5116044399596368,0.5611439842209073,0.5155781955002142
0.5117726202489068,0.5609595793624712,0.5155747724417027
0.5119408005381769,0.5611038107752957,0.5155086291159185
0.512108980827447,0.561247947454844,0.5154537055967305
0.5122771611167172,0.5610636900853578,0.5154494717108195
0.5124453414059872,0.5612077453232688,0.5153243870243903
0.5126135216952573,0.5610236220472441,0.5152783540616341
0.5127817019845274,0.5611675959330928,0.5152334732290113
0.5129498822737976,0.5613114754098361,0.5152261523646152
0.5131180625630676,0.5611274991805966,0.515197274051816
0.5132862428523377,0.5612712975098296,0.5151912704557766
0.5134544231416078,0.5610874549623321,0.5151262499041851
0.513622603430878,0.5612311722331369,0.5150716165494247
0.513790783720148,0.5613747954173486,0.5149546601297896
0.5139589640094181,0.5615183246073299,0.5149382536187774
0.5141271442986882,0.5613346418056918,0.5149169229022581
0.5142953245879582,0.5611510791366906,0.5148751780134618
0.5144635048772284,0.5612945406995751,0.5147642626221538
0.5146316851664985,0.561437908496732,0.5147198293712221
0.5147998654557686,0.5612544919960797,0.5146256203443804
0.5149680457450386,0.5610711952971914,0.5145988175191957
0.5151362260343088,0.5612144955925563,0.5145219326724833
0.5153044063235789,0.5610313315926893,0.5144936456920961
0.515472586612849,0.5608482871125612,0.5144908938922967
0.515640766902119,0.5606653620352251,0.5144090685945916
0.5158089471913891,0.5604825562438865,0.5144019918190259
0.5159771274806593,0.560625814863103,0.5143893626410745
0.5161453077699294,0.5604431410883024,0.5143410509866106
0.5163134880591994,0.5602605863192183,0.5143323599359921
0.5164816683484695,0.5604037772712471,0.5142950536387506
0.5166498486377397,0.560546875,0.5141655524293793
0.5168180289270098,0.5606898795964855,0.5141495686665861
0.5169862092162798,0.5605074821080026,0.5141462300881667
0.5171543895055499,0.5606504065040651,0.5140697168326354
0.51732256979482,0.5607932379713915,0.5139775639181786
0.5174907500840902,0.560935976600585,0.5139743069802633
0.5176589303733602,0.5610786224821313,0.5139638898577529
0.5178271106626303,0.5612211757063982,0.5139629135759547
0.5179952909519004,0.5613636363636364,0.5138854590965779
0.5181634712411706,0.5615060045439793,0.5138086983840959
0.5183316515304406,0.5613238157040883,0.5137966352336268
0.5184998318197107,0.5611417450535193,0.5137961100709025
0.5186680121089808,0.561284046692607,0.513747456623649
0.518836192398251,0.5611021069692058,0.5136978415546708
0.519004372687521,0.5612443292287751,0.5136732930867495
0.5191725529767911,0.561386459345643,0.5136719959451016
0.5193407332660612,0.5615284974093264,0.5135982445685545
0.5195089135553314,0.5613467141469731,0.513537450122671
0.5196770938446014,0.5614886731391586,0.5135169678578627
0.5198452741338715,0.5616305402782271,0.5135006399879316
0.5200134544231416,0.5614489003880984,0.5134049514717834
0.5201816347124117,0.5615906886517944,0.5133802324309406
0.5203498150016818,0.5614091790562379,0.5133496452555218
0.5205179952909519,0.5615508885298869,0.5133245515039805
0.520686175580222,0.5613695090439277,0.5133173858701624
0.5208543558694921,0.5611882466903455,0.5133155089634941
0.5210225361587622,0.5613298902517754,0.5133128414545404
0.5211907164480323,0.5614714424007744,0.5131537247596757
0.5213588967373024,0.5616129032258065,0.5131448947828748
0.5215270770265725,0.561754272815221,0.5126900115667594
0.5216952573158425,0.5615731785944552,0.5125987284452019
0.5218634376051127,0.5613922010957139,0.5125503753445343
0.5220316178943828,0.5612113402061856,0.5124119923393521
0.5221997981836529,0.561352657004831,0.5123877594804915
0.5223679784729229,0.5614938828074694,0.5123619396886078
0.5225361587621931,0.5616350177019633,0.5123561251886845
0.5227043390514632,0.5617760617760618,0.5122879974022193
0.5228725193407333,0.5619170151174011,0.5122557020884009
0.5230406996300033,0.5617363344051447,0.5122517895182506
0.5232088799192735,0.5618772099003536,0.5122450793468593
0.5233770602085436,0.5620179948586118,0.5121267457292279
0.5235452404978137,0.56215868936717,0.5121040679450852
0.5237134207870837,0.5619781631342325,0.5120784263968136
0.5238816010763538,0.5617977528089888,0.5119739989489941
0.524049781365624,0.561617458279846,0.5119693228611879
0.5242179616548941,0.5614372794353545,0.5118686791480686
0.5243861419441641,0.5615779345734445,0.5117181809758653
0.5245543222334342,0.5613978839371594,0.5116939416179473
0.5247225025227044,0.5612179487179487,0.5116802971043072
0.5248906828119745,0.5613585389298302,0.511615300499571
0.5250588631012445,0.5614990390775144,0.5116050399310431
0.5252270433905146,0.5613192443163625,0.511589971498
0.5253952236797848,0.56145966709347,0.5115820989008855
0.5255634039690549,0.5616,0.5115801088529492
0.5257315842583249,0.5614203454894434,0.5115025441190764
0.525899764547595,0.5612408058842341,0.5112504154451946
0.5260679448368651,0.5610613810741688,0.5112165123616209
0.5262361251261353,0.5612016618728028,0.5111836188904343
0.5264043054154053,0.5613418530351437,0.5111424794375142
0.5265724857046754,0.5614819546470776,0.511122570508566
0.5267406659939455,0.5616219667943806,0.511085636669505
0.5269088462832157,0.5617618895627194,0.511006722253405
0.5270770265724857,0.5619017230376515,0.5110032281440344
0.5272452068617558,0.5617224880382775,0.5109650965683379
0.5274133871510259,0.5615433673469388,0.5108902648916895
0.527581567440296,0.5616831367548614,0.5108662370696558
0.5277497477295661,0.5618228170809433,0.5108313113279972
0.5279179280188362,0.5616438356164384,0.5108272135819599
0.5280861083081063,0.5617834394904458,0.5107632308785184
0.5282542885973764,0.5619229544730977,0.5107564818011275
0.5284224688866465,0.562062380649268,0.5107417157758003
0.5285906491759166,0.5622017181037225,0.5107399669911853
0.5287588294651867,0.5620229007633588,0.5106222944083583
0.5289270097544567,0.5621621621621622,0.5105847391897663
0.5290951900437268,0.5623013350286078,0.5105689512788014
0.529263370332997,0.5624404194470924,0.5105512213276497
0.5294315506222671,0.5622617534942821,0.5105331899341461
0.5295997309115371,0.5624007621467132,0.5105045000492734
0.5297679112008072,0.5622222222222222,0.510472255364842
0.5299360914900774,0.5623611551888289,0.5104462767808026
0.5301042717793475,0.5621827411167513,0.5104388768579712
0.5302724520686175,0.5623215984776403,0.510217579964772
0.5304406323578876,0.5624603677869372,0.5102121523830512
0.5306088126471578,0.5625990491283677,0.5101506499989135
0.5307769929364279,0.5624207858048162,0.5101503860741657
0.5309451732256979,0.5625593918276846,0.5100541554382886
0.531113353514968,0.5626979100696643,0.5099681706910361
0.5312815338042381,0.5628363406141184,0.5099632895738052
0.5314497140935083,0.5626582278481013,0.5099546088303125
0.5316178943827783,0.5627965833596963,0.5098677924760971
0.5317860746720484,0.562618595825427,0.5098590428852711
0.5319542549613185,0.5627568763831805,0.509858368869628
0.5321224352505887,0.5628950695322377,0.509828193497946
0.5322906155398587,0.5630331753554503,0.5098095727678945
0.5324587958291288,0.5631711939355654,0.5097743006291409
0.5326269761183989,0.5633091253552258,0.5097020661498729
0.5327951564076691,0.5634469696969697,0.5096875534747342
0.5329633366969391,0.5632691700852004,0.5096589350396301
0.5331315169862092,0.5630914826498423,0.509658847636336
0.5332996972754793,0.5632292652160202,0.5096359873126954
0.5334678775647494,0.5633669609079445,0.5095966501229705
0.5336360578540195,0.5635045698077529,0.5095562921308959
0.5338042381432896,0.5636420919974795,0.5095229771952369
0.5339724184325597,0.5634645669291338,0.5095166097370124
0.5341405987218298,0.5636020151133502,0.5094209971630512
0.5343087790110999,0.5637393767705382,0.509343698193996
0.53447695930037,0.5635619886721208,0.5092802653298156
0.5346451395896401,0.5636992765020447,0.5091377534519813
0.5348133198789102,0.5635220125786163,0.5089049879534251
0.5349815001681802,0.5633448601068847,0.5088410472576442
0.5351496804574504,0.5631678189817725,0.5088204706330226
0.5353178607467205,0.5633050581212693,0.5087924516083053
0.5354860410359906,0.5631281407035176,0.5087728023608774
0.5356542213252606,0.5629513343799059,0.5087160984759524
0.5358224016145308,0.5627746390458255,0.5086449113964053
0.5359905819038009,0.5625980545967995,0.5085343808789183
0.536158762193071,0.5624215809284818,0.5084924249111303
0.536326942482341,0.5625587958607714,0.5084734959203474
0.5364951227716112,0.5626959247648903,0.5084089300327734
0.5366633030608813,0.5628329677217173,0.5083712478827884
0.5368314833501514,0.5629699248120301,0.508304429577111
0.5369996636394214,0.5627936110241153,0.5082038613380959
0.5371678439286915,0.5626174076393238,0.5081816791216479
0.5373360242179617,0.5627543035993741,0.5078476510788442
0.5375042045072318,0.5625782227784731,0.5078361954077446
0.5376723847965018,0.5624022521113544,0.5077871645731894
0.5378405650857719,0.5622263914946842,0.5076087286893327
0.5380087453750421,0.5620506408252579,0.5075471650850601
0.5381769256643122,0.5621875,0.507530805486606
0.5383451059535822,0.5623242736644799,0.5073579155350956
0.5385132862428523,0.5621486570893192,0.5072650666190727
0.5386814665321225,0.561973150171714,0.5072546283767295
0.5388496468213926,0.5621098626716604,0.5072120718236173
0.5390178271106626,0.5619344773790952,0.5071931172620966
0.5391860073999327,0.5617592014971927,0.5071763979602211
0.5393541876892028,0.5615840349236046,0.5071629159828309
0.539522367978473,0.5614089775561097,0.5071444894056492
0.539690548267743,0.5615456528513556,0.5070631412399981
0.5398587285570131,0.5616822429906542,0.5070353220550453
0.5400269088462832,0.5615073185923388,0.5069859369957659
0.5401950891355534,0.5616438356164384,0.5069778676402646
0.5403632694248234,0.5617802676626206,0.5069499148437925
0.5405314497140935,0.5619166148102054,0.506897063554921
0.5406996300033636,0.5617418351477449,0.5068750247265097
0.5408678102926338,0.5618781094527363,0.5067527798765554
0.5410359905819038,0.5617034504196456,0.5067259415226926
0.5412041708711739,0.5618396519577378,0.5066577216178599
0.541372351160444,0.5616651133892513,0.5066499387388081
0.5415405314497141,0.5618012422360248,0.5065325073063307
0.5417087117389842,0.5619372865569698,0.5065135609078616
0.5418768920282543,0.5620732464307884,0.5064260394551631
0.5420450723175244,0.5622091219360844,0.5064028292792941
0.5422132526067945,0.5620347394540943,0.5064008095541074
0.5423814328960646,0.5621705426356589,0.5063927518701248
0.5425496131853347,0.5623062616243025,0.5062713384313816
0.5427177934746048,0.5624418964982957,0.5061652504716504
0.5428859737638748,0.5622676579925651,0.5058688580663929
0.5430541540531449,0.5624032208113967,0.5058481583659
0.5432223343424151,0.5625386996904025,0.5058252589633635
0.5433905146316852,0.5623645930052615,0.5057250646924163
0.5435586949209552,0.5625,0.5056935871689886
0.5437268752102253,0.56232601299103,0.5056669891761101
0.5438950554994955,0.5624613481756339,0.5055807015073008
0.5440632357887656,0.5622874806800618,0.5055657174218073
0.5442314160780356,0.5624227441285538,0.5053707834371335
0.5443995963673057,0.5622489959839357,0.5051986980927381
0.5445677766565759,0.5623841877702286,0.5051007402864831
0.544735956945846,0.5622105588144489,0.5050761126882581
0.544904137235116,0.562037037037037,0.5050756120768198
0.5450723175243861,0.5618636223387843,0.505056222605717
0.5452404978136562,0.5619987661937076,0.5050249887401077
0.5454086781029264,0.5621338267036694,0.5048208439801374
0.5455768583921964,0.561960542540074,0.5046588989519183
0.5457450386814665,0.562095531587057,0.5046466897418076
0.5459132189707366,0.5619223659889094,0.5046067409511427
0.5460813992600068,0.561749307052664,0.5045937087708443
0.5462495795492768,0.5615763546798029,0.5045434978891585
0.5464177598385469,0.5614035087719298,0.5044765405686733
0.546585940127817,0.5615384615384615,0.5044188168870802
0.5467541204170872,0.5616733312826823,0.5043989156732682
0.5469223007063572,0.5618081180811808,0.5043668901773566
0.5470904809956273,0.5616354134644943,0.504346464905439
0.5472586612848974,0.5614628149969269,0.5043256956722671
0.5474268415741675,0.5615975422427035,0.5041888691401076
0.5475950218634376,0.5614250614250614,0.5040922934008714
0.5477632021527077,0.5615597175314707,0.504033335203555
0.5479313824419778,0.5613873542050337,0.5040008364005166
0.5480995627312479,0.5615219392451672,0.5039390854714856
0.548267743020518,0.5613496932515337,0.5038610817540161
0.5484359233097881,0.5611775528978841,0.5038416620995505
0.5486041035990582,0.5613120784794604,0.5038340706124678
0.5487722838883283,0.5614465216058842,0.503819009792322
0.5489404641775983,0.5612745098039216,0.5037554640706494
0.5491086444668685,0.5614088820826952,0.5035930931688799
0.5492768247561386,0.5612369871402327,0.503573171992528
0.5494450050454087,0.5613712886440159,0.5032915970846717
0.5496131853346787,0.5611995104039168,0.5032849481502086
0.5497813656239489,0.5613337412052616,0.5032646430002963
0.549949545913219,0.5614678899082569,0.5030324568748259
0.5501177262024891,0.5612962396820544,0.5029503125458388
0.5502859064917591,0.5614303178484108,0.5027478538142882
0.5504540867810293,0.5615643140849373,0.5027411510638289
0.5506222670702994,0.5616982284667074,0.5027155427992065
0.5507904473595695,0.5618320610687023,0.5026712394238144
0.5509586276488395,0.5616605616605617,0.5026244814082871
0.5511268079381096,0.5614891669209643,0.5026234843651215
0.5512949882273798,0.5616229408175717,0.5025903697974429
0.5514631685166499,0.5614516620921013,0.5025658573264881
0.5516313488059199,0.561280487804878,0.5024990055094991
0.55179952909519,0.5614142029868943,0.5024938014794312
0.5519677093844602,0.5612431444241316,0.5024493845408741
0.5521358896737303,0.5613767895217788,0.5024473699900961
0.5523040699630003,0.5612058465286236,0.5024268020788247
0.5524722502522704,0.5613394216133942,0.5023948815627038
0.5526404305415406,0.561472915398661,0.5021745197965266
0.5528086108308107,0.5613020991785823,0.5021128170881954
0.5529767911200807,0.5611313868613139,0.5020903706846777
0.5531449714093508,0.5612648221343873,0.5020391473161159
0.5533131516986209,0.5610942249240122,0.5019891940181109
0.5534813319878911,0.5609237313886357,0.5018216256862885
0.5536495122771611,0.5610571081409478,0.5017575585396391
0.5538176925664312,0.5608867294260552,0.5016618105816537
0.5539858728557013,0.5607164541590771,0.5015748204628012
0.5541540531449715,0.5608497723823975,0.5015374751280094
0.5543222334342415,0.5609830097087378,0.5013519323425727
0.5544904137235116,0.5611161662117076,0.5012969582110574
0.5546585940127817,0.5612492419648272,0.5012893916570634
0.5548267743020519,0.5613822370415278,0.5012786401325832
0.5549949545913219,0.5612121212121212,0.5012555425496172
0.555163134880592,0.5610421084519842,0.5011920242383711
0.5553313151698621,0.5611750454270139,0.5010466867997445
0.5554994954591322,0.5613079019073569,0.5009204345796716
0.5556676757484023,0.5614406779661016,0.5008557705699452
0.5558358560376724,0.5615733736762482,0.5008485348499307
0.5560040363269425,0.5617059891107078,0.5008330835812931
0.5561722166162126,0.5618385243423042,0.5005919799904146
0.5563403969054826,0.5616686819830713,0.500528465818558
0.5565085771947528,0.5614989422786341,0.5004757989913241
0.5566767574840229,0.561631419939577,0.5004240119282166
0.556844937773293,0.561763817577771,0.5004119659252018
0.557013118062563,0.5615942028985508,0.500364629878327
0.5571812983518332,0.5617265318442499,0.5002133377450685
0.5573494786411033,0.5615570307785154,0.5001915100515161
0.5575176589303733,0.5616892911010558,0.5001843193429122
0.5576858392196434,0.5618214716525934,0.5001390331377106
0.5578540195089136,0.5616520952668074,0.5001025939327554
0.5580221997981837,0.5614828209764918,0.5000635294384537
0.5581903800874537,0.5616149442603193,0.49993189313269626
0.5583585603767238,0.5614457831325301,0.4996306401300536
0.558526740665994,0.5612767238783499,0.4995118099387289
0.5586949209552641,0.561408789885611,0.49945149694165236
0.5588631012445341,0.5615407764068613,0.4994021746913272
0.5590312815338042,0.5616726835138387,0.4993219375585756
0.5591994618230743,0.5618045112781955,0.49932094519808995
0.5593676421123445,0.5619362597714973,0.4992710267185203
0.5595358224016145,0.5617673579801623,0.4991632428629006
0.5597040026908846,0.5618990384615384,0.4990800616089273
0.5598721829801547,0.5620306398317814,0.49906182864156184
0.5600403632694249,0.5621621621621622,0.4990256212835192
0.5602085435586949,0.5619933953767637,0.4989087419951737
0.560376723847965,0.562124849939976,0.49883433866104787
0.5605449041372351,0.5622562256225623,0.4987830159812719
0.5607130844265052,0.562387522495501,0.4985450845842605
0.5608812647157753,0.5622188905547226,0.49854085196668474
0.5610494450050454,0.5620503597122302,0.4984924513344512
0.5612176252943155,0.5621816002397363,0.4983087477369991
0.5613858055835856,0.5620131815458358,0.4982874052434534
0.5615539858728557,0.5618448637316562,0.4982502588340513
0.5617221661621258,0.5616766467065868,0.49823475514627574
0.5618903464513959,0.561807841963484,0.4982183989841386
0.562058526740666,0.5619389587073609,0.49813563643415365
0.562226707029936,0.5617708644929704,0.49813111434232304
0.5623948873192062,0.5619019138755981,0.49800432067951433
0.5625630676084763,0.5620328849028401,0.49794205726739516
0.5627312478977464,0.5621637776449492,0.49788585563513715
0.5628994281870164,0.5619958171496863,0.49784760658085264
0.5630676084762866,0.5618279569892473,0.49765503988855697
0.5632357887655567,0.5616601970737534,0.49763662759574845
0.5634039690548268,0.5617910447761194,0.49758138030869326
0.5635721493440968,0.5616233960011937,0.4974994260454608
0.563740329633367,0.5614558472553699,0.4973665658732249
0.5639085099226371,0.56128839844915,0.49715857463080304
0.5640766902119072,0.5614192009540847,0.49712684046460626
0.5642448705011772,0.5615499254843517,0.4969953657461007
0.5644130507904473,0.5616805721096544,0.4969302244377736
0.5645812310797175,0.5615132558832291,0.4969266719444587
0.5647494113689876,0.5613460393091125,0.49690500837583224
0.5649175916582576,0.5614766299493897,0.49646951541542217
0.5650857719475277,0.5616071428571429,0.49643392339705167
0.5652539522367979,0.5614400476048795,0.49638728606852406
0.565422132526068,0.561570493753718,0.496384404525891
0.565590312815338,0.5614035087719298,0.49629043083829993
0.5657584931046081,0.5612366230677764,0.4962783219378867
0.5659266733938783,0.5613670133729569,0.49627406865944557
0.5660948536831484,0.5614973262032086,0.49622331227611716
0.5662630339724184,0.5616275616275617,0.4961640375394069
0.5664312142616885,0.5614608076009501,0.4961594739736641
0.5665993945509586,0.5612941525675275,0.49604655120858215
0.5667675748402288,0.5611275964391691,0.4960339563256549
0.5669357551294988,0.5612577870068229,0.49596802218221975
0.5671039354187689,0.561091340450771,0.4958388339233388
0.567272115708039,0.5609249925882004,0.4957692890421194
0.5674402959973092,0.5610551274451689,0.4956769632543889
0.5676084762865792,0.5611851851851852,0.4955633517496383
0.5677766565758493,0.5613151658767772,0.4955460755344457
0.5679448368651194,0.561445069588392,0.49553317054792406
0.5681130171543896,0.5615748963883955,0.4954257209494771
0.5682811974436596,0.561408700799053,0.49527207122067096
0.5684493777329297,0.5612426035502959,0.4950982782110435
0.5686175580221998,0.5613723750369713,0.49508192095418235
0.56878573831147,0.5615020697811945,0.4950735431122347
0.56895391860074,0.5616316878510198,0.49506257741130494
0.5691220988900101,0.5617612293144209,0.4950416574717928
0.5692902791792802,0.5615952732644017,0.4949673412885392
0.5694584594685503,0.5614294152392203,0.4949147748516608
0.5696266397578204,0.561263655152052,0.4948737016944682
0.5697948200470905,0.5610979929161747,0.4946785579352272
0.5699630003363606,0.5612275007376807,0.4946385848767101
0.5701311806256307,0.5610619469026549,0.49453559590337176
0.5702993609149007,0.5611913889708051,0.49450136846732845
0.5704675412041709,0.5613207547169812,0.4943776563337687
0.570635721493441,0.5611553197760094,0.4943481261773684
0.5708039017827111,0.5612846199175014,0.49427029461816807
0.5709720820719811,0.5614138438880707,0.4942682275239489
0.5711402623612513,0.5615429917550059,0.4942474952802432
0.5713084426505214,0.5616720635855166,0.49418525572133776
0.5714766229397914,0.5615067686874632,0.49417616985736
0.5716448032290615,0.5616357752280082,0.4941627996327626
0.5718129835183317,0.5614705882352942,0.4941617341249642
0.5719811638076018,0.5615995295501323,0.4939617958670701
0.5721493440968718,0.5617283950617284,0.4939257267572981
0.5723175243861419,0.5618571848369086,0.49391000053477585
0.572485704675412,0.5619858989424207,0.4937431842783303
0.5726538849646822,0.5621145374449339,0.4936922121772115
0.5728220652539522,0.5622431004110393,0.49358274893276277
0.5729902455432223,0.5620780745523921,0.4935104092987508
0.5731584258324924,0.562206572769953,0.4934866291722243
0.5733266061217626,0.5623349955998826,0.49339513736872653
0.5734947864110326,0.5624633431085044,0.49336970744893094
0.5736629667003027,0.5622984462034594,0.49332809346724554
0.5738311469895728,0.5621336459554513,0.49330147266926727
0.573999327278843,0.5622619396425432,0.4931459407565722
0.574167507568113,0.5620972466315173,0.493080382225677
0.5743356878573831,0.5622254758418741,0.4930012101427189
0.5745038681466532,0.5623536299765808,0.4930009177946284
0.5746720484359233,0.5621890547263682,0.4929802293480482
0.5748402287251934,0.5623171445289643,0.4928025521816587
0.5750084090144635,0.5621526762211173,0.4927682336674899
0.5751765893037336,0.5619883040935673,0.49275621276817183
0.5753447695930037,0.5618240280619702,0.4925553670067946
0.5755129498822737,0.5619520748100526,0.4925147876175961
0.5756811301715439,0.5620800467426235,0.49242115486577753
0.575849310460814,0.5619158878504673,0.4923187796716796
0.5760174907500841,0.5620437956204379,0.49229175107504203
0.5761856710393541,0.5621716287215411,0.49226655299330624
0.5763538513286243,0.5622993872191421,0.4922158943977826
0.5765220316178944,0.5624270711785297,0.4921422415621147
0.5766902119071645,0.5625546806649169,0.4921368132287245
0.5768583921964345,0.5623906705539359,0.4921145609873573
0.5770265724857047,0.5625182162634801,0.4920892055759099
0.5771947527749748,0.5626456876456877,0.4920365116793985
0.5773629330642449,0.5627730847655112,0.4919551227888518
0.5775311133535149,0.5629004076878276,0.4918646945221542
0.577699293642785,0.5627365356622999,0.49184916297088593
0.5778674739320552,0.5625727590221188,0.49178744414520326
0.5780356542213253,0.5624090776840268,0.4916359262697682
0.5782038345105953,0.5625363583478766,0.49159582714906946
0.5783720147998654,0.5626635649898226,0.4915605341569988
0.5785401950891356,0.5625,0.4913902277605988
0.5787083753784057,0.5626271432723046,0.4913122331871378
0.5788765556676757,0.562754212667054,0.49121665307257756
0.5790447359569458,0.5628812082486204,0.4912042215777802
0.579212916246216,0.5630081300813008,0.4912005010281412
0.5793810965354861,0.562844702467344,0.4911382212888157
0.5795492768247561,0.5626813697040046,0.49113341709695324
0.5797174571140262,0.5625181317087322,0.4911279691316942
0.5798856374032964,0.5623549883990719,0.49105326208401134
0.5800538176925665,0.5624818788054509,0.49097732557248797
0.5802219979818365,0.5626086956521739,0.490959194630869
0.5803901782711066,0.5624456679223413,0.49094523712427474
0.5805583585603767,0.5625724217844728,0.4909224215779929
0.5807265388496469,0.562699102229945,0.49090218336431424
0.5808947191389169,0.562536189924725,0.4908302286265069
0.581062899428187,0.5626628075253256,0.49053883847397056
0.5812310797174571,0.5627893518518519,0.49042986018535056
0.5813992600067273,0.5629158229678912,0.4904252769459277
0.5815674402959973,0.5630422209369578,0.49039798606431806
0.5817356205852674,0.5628794449262793,0.4903357787059831
0.5819038008745375,0.5630057803468208,0.4902608878322873
0.5820719811638077,0.5631320427622074,0.49018604706891045
0.5822401614530777,0.5632582322357019,0.49018370985135756
0.5824083417423478,0.5633843488304938,0.4900381044677743
0.5825765220316179,0.5635103926096998,0.49001058355381405
0.582744702320888,0.5633477633477634,0.4898837957264435
0.5829128826101581,0.5631852279284478,0.48981461353091826
0.5830810628994282,0.5630227862705509,0.48978139229261486
0.5832492431886983,0.5628604382929643,0.48967941687567407
0.5834174234779684,0.5629864514269242,0.4895632992456494
0.5835856037672384,0.5628242074927954,0.48950918656920794
0.5837537840565086,0.5629501584557765,0.4895065551353259
0.5839219643457787,0.5630760368663594,0.4895052938919544
0.5840901446350488,0.5632018427872156,0.4892988452326624
0.5842583249243188,0.5630397236614854,0.4892936715684623
0.584426505213589,0.5628776978417266,0.48928690052601337
0.5845946855028591,0.5627157652474108,0.4892808678526851
0.5847628657921292,0.5625539257981018,0.4889246032632897
0.5849310460813992,0.562392179413456,0.48888151492785953
0.5850992263706694,0.5625179649324519,0.48879083517644606
0.5852674066599395,0.5626436781609195,0.4887517825267932
0.5854355869492096,0.562482045389256,0.4887472575701742
0.5856037672384796,0.5626076967260195,0.48873162837246553
0.5857719475277497,0.5624461670973299,0.48866015886236575
0.5859401278170199,0.562284730195178,0.48862085182365267
0.5861083081062899,0.5624103299856528,0.48861177924777355
0.58627648839556,0.5622489959839357,0.4885184362620677
0.5864446686848301,0.5620877545167766,0.48838933455198563
0.5866128489741003,0.5619266055045872,0.4883885511395035
0.5867810292633703,0.5620521639438234,0.48835782992800053
0.5869492095526404,0.5618911174785101,0.488232956006309
0.5871173898419105,0.561730163276998,0.4880565385728946
0.5872855701311807,0.5618556701030928,0.487822354970213
0.5874537504204507,0.5616948182078443,0.4877144151735145
0.5876219307097208,0.5615340583858043,0.4876513595724703
0.5877901109989909,0.5616595135908441,0.4875673854651208
0.587958291288261,0.5617848970251716,0.487551242945355
0.5881264715775311,0.5619102087503575,0.48747840396943204
0.5882946518668012,0.5617495711835334,0.48747096807128193
0.5884628321560713,0.5618748213775364,0.48737437748161777
0.5886310124453414,0.5617142857142857,0.48735979470003377
0.5887991927346115,0.5615538417594973,0.4871546214396681
0.5889673730238816,0.5616790405482581,0.48710222704486605
0.5891355533131517,0.5615186982586354,0.4869837681098424
0.5893037336024218,0.5613584474885844,0.48690327294979496
0.5894719138916918,0.5611982881597718,0.4868903947598466
0.589640094180962,0.5610382201939532,0.4868562029794097
0.5898082744702321,0.5608782435129741,0.48675566220289945
0.5899764547595022,0.5610034207525656,0.4867441256724521
0.5901446350487722,0.5611285266457681,0.48671657109574357
0.5903128153380424,0.5609686609686609,0.48663649356321204
0.5904809956273125,0.5608088863571632,0.4866287699896059
0.5906491759165826,0.5609339407744874,0.4865337821607504
0.5908173562058526,0.5607742670082551,0.4865285497156119
0.5909855364951228,0.5606146841206602,0.48635225296382684
0.5911537167843929,0.5607396870554765,0.48628896555301776
0.591321897073663,0.560580204778157,0.48602158096007175
0.591490077362933,0.5604208131930623,0.4860112118218835
0.5916582576522031,0.5602615122228539,0.4859278811273686
0.5918264379414733,0.5601023017902813,0.4858582021547647
0.5919946182307434,0.5602272727272727,0.4857852052156506
0.5921627985200134,0.5603521726782165,0.48576372243140337
0.5923309788092835,0.5601930721181148,0.48574771209709156
0.5924991590985537,0.5603179108714164,0.4857183205585094
0.5926673393878238,0.5601589103291714,0.48563861946549475
0.5928355196770938,0.5602836879432624,0.48560591879401577
0.5930036999663639,0.5604083947816222,0.4855296508286997
0.593171880255634,0.5605330309044514,0.48543103700108337
0.5933400605449042,0.5606575963718821,0.48536522865060605
0.5935082408341742,0.5604987248512326,0.48535216483753896
0.5936764211234443,0.5606232294617564,0.4851875268198141
0.5938446014127144,0.5607476635514018,0.485168026886058
0.5940127817019846,0.5605889014722537,0.48510932977255405
0.5941809619912546,0.560430229266912,0.4850156725934385
0.5943491422805247,0.5605546123372949,0.48501117513784525
0.5945173225697948,0.5603960396039604,0.4848942048860641
0.594685502859065,0.5605203619909502,0.4848856198301557
0.594853683148335,0.5603618886061634,0.4848553199092395
0.5950218634376051,0.5604861503674392,0.4846815649816409
0.5951900437268752,0.5603277762079684,0.4846701799686755
0.5953582240161454,0.56045197740113,0.4846116022175602
0.5955264043054154,0.5602937023439706,0.48455316366249723
0.5956945845946855,0.5604178430265386,0.48444789156369583
0.5958627648839556,0.5602596669489134,0.48441168331427853
0.5960309451732257,0.5603837471783296,0.4840759642479469
0.5961991254624958,0.5605077574047955,0.4840692743845693
0.5963673057517659,0.5603496897913142,0.483987242470812
0.596535486041036,0.5601917113053284,0.48388590866118936
0.5967036663303061,0.560315670800451,0.48382112282696305
0.5968718466195762,0.5601577909270217,0.4835269789842468
0.5970400269088463,0.5602816901408451,0.48345217751683206
0.5972082071981164,0.5601239087580963,0.48345078358191196
0.5973763874873865,0.5602477477477478,0.48340796159706867
0.5975445677766565,0.5603715170278638,0.48335950449241993
0.5977127480659267,0.5604952166572875,0.4833458191395163
0.5978809283551968,0.5606188466947961,0.48329992473752637
0.5980491086444669,0.5604611923509561,0.4832851490207508
0.5982172889337369,0.5603036266516728,0.48328175421236136
0.5983854692230071,0.5604272062956718,0.48314512827609274
0.5985536495122772,0.560550716493397,0.48312382372355683
0.5987218298015473,0.5606741573033708,0.4830588412412057
0.5988900100908173,0.5605167087896659,0.48296539564810126
0.5990581903800875,0.5606400898371702,0.48287709215667063
0.5992263706693576,0.5604827392646646,0.4828484829390292
0.5993945509586277,0.5606060606060606,0.48280463774164456
0.5995627312478977,0.5604488078541374,0.48248364220371637
0.5997309115371678,0.5605720695457095,0.48244455396074776
0.599899091826438,0.5604149144939725,0.48242490522918346
0.600067272115708,0.5605381165919282,0.4824173526872344
0.6002354524049781,0.5603810591202018,0.4823555075609691
0.6004036326942482,0.5605042016806723,0.48231904808349635
0.6005718129835184,0.5606272752730328,0.482134828775268
0.6007399932727884,0.5604703247480403,0.48209296870128127
0.6009081735620585,0.5605933389308704,0.48203315433466826
0.6010763538513286,0.5604364857302742,0.4820226515168151
0.6012445341405988,0.5602797202797203,0.48196834293458746
0.6014127144298688,0.5601230425055929,0.4819241595152967
0.6015808947191389,0.5599664523343584,0.48192234082616925
0.601749075008409,0.5598099496925657,0.4817915782509869
0.6019172552976791,0.5596535345068455,0.48176292821331274
0.6020854355869492,0.5597765363128492,0.48170745990710606
0.6022536158762193,0.5596202178162525,0.4816542422221424
0.6024217961654894,0.559463986599665,0.48162655372544977
0.6025899764547595,0.5593078425900083,0.4816065308902965
0.6027581567440295,0.5591517857142857,0.4815130920289295
0.6029263370332997,0.5589958158995816,0.4814621599406939
0.6030945173225698,0.5588399330730619,0.48143430890043554
0.6032626976118399,0.5586841371619738,0.4813307500444892
0.6034308779011099,0.5585284280936454,0.481324069915728
0.6035990581903801,0.5583728057954862,0.48113324792408935
0.6037672384796502,0.5582172701949861,0.48110446409046187
0.6039354187689203,0.5580618212197159,0.48080516079869623
0.6041035990581903,0.5579064587973274,0.48077830248920483
0.6042717793474605,0.5577511828555525,0.4807408122889215
0.6044399596367306,0.5578742348358375,0.4806994731345033
0.6046081399260007,0.5577190542420027,0.4805977947637377
0.6047763202152707,0.5578420467185762,0.48059271936346465
0.6049445005045408,0.5576869613566862,0.48048708805694734
0.605112680793811,0.5575319622012229,0.4803458019782339
0.6052808610830811,0.5576549041400389,0.4802597632194773
0.6054490413723511,0.5577777777777778,0.4801384608082762
0.6056172216616212,0.5579005831713413,0.4801311954446934
0.6057854019508914,0.558023320377568,0.4798841878228193
0.6059535822401615,0.5578684429641965,0.47979564040388417
0.6061217625294315,0.5577136514983352,0.47975518548163726
0.6062899428187016,0.5575589459084604,0.4797448999801023
0.6064581231079718,0.557681641708264,0.47964892280425553
0.6066263033972419,0.557527030773496,0.4796291776543518
0.6067944836865119,0.5576496674057649,0.4795745298808487
0.606962663975782,0.5574951510113605,0.4795377820748615
0.6071308442650521,0.5573407202216066,0.4795032214524462
0.6072990245543223,0.5571863749653836,0.4794660246064906
0.6074672048435923,0.5573089700996677,0.47944033839608896
0.6076353851328624,0.5574314973706062,0.47943616391453187
0.6078035654221325,0.5575539568345323,0.47940685459130766
0.6079717457114027,0.5576763485477179,0.4793974804973568
0.6081399260006727,0.5575221238938053,0.47932511602961214
0.6083081062899428,0.5576444567320984,0.4793045554838299
0.6084762865792129,0.5577667219458264,0.4791871227577051
0.6086444668684831,0.5576126001657916,0.4791652398705377
0.6088126471577531,0.5577348066298342,0.4791344696739306
0.6089808274470232,0.5575807787903894,0.4790760767042664
0.6091490077362933,0.5574268360022088,0.4790732598143656
0.6093171880255634,0.5572729781948661,0.4790139921008663
0.6094853683148335,0.5571192052980133,0.4789862938785445
0.6096535486041036,0.5569655172413793,0.47892552276782996
0.6098217288933737,0.5570876999448428,0.47886832773766547
0.6099899091826438,0.5569341053212021,0.4788628957999983
0.6101580894719139,0.5570562293274531,0.4788266881244392
0.610326269761184,0.5571782860292092,0.478769561947251
0.6104944500504541,0.5570247933884298,0.47876726171707673
0.6106626303397242,0.5568713852933076,0.47875913272571236
0.6108308106289942,0.5569933920704846,0.4787378665087617
0.6109989909182644,0.5568400770712909,0.47866771426591204
0.6111671712075345,0.5566868464501926,0.4786612842467394
0.6113353514968046,0.5568088033012379,0.47865696830813775
0.6115035317860746,0.556930693069307,0.47865048554872014
0.6116717120753448,0.556777563926313,0.4785964879086319
0.6118398923646149,0.5566245189664651,0.4785466615524608
0.612008072653885,0.5564715581203628,0.4785274393679137
0.612176252943155,0.5565934065934066,0.47851915260791006
0.6123444332324252,0.5564405383136501,0.47844974209476965
0.6125126135216953,0.5562877539813289,0.4784445502676716
0.6126807938109654,0.5561350535273126,0.47841262672890017
0.6128489741002354,0.5559824368825467,0.47839799995308
0.6130171543895055,0.5558299039780521,0.47836698298892
0.6131853346787757,0.5556774547449259,0.47833493069671845
0.6133535149680458,0.5555250891143405,0.4780326285144003
0.6135216952573158,0.5556469298245614,0.4780026866837263
0.6136898755465859,0.5554946560701562,0.47793848546847645
0.6138580558358561,0.5553424657534246,0.4779088891497095
0.6140262361251262,0.5554642563681184,0.4778670354994127
0.6141944164143962,0.5555859802847755,0.47771203332431333
0.6143625967036663,0.5557076375581713,0.47771140766419146
0.6145307769929365,0.5555555555555556,0.4776867618900446
0.6146989572822065,0.5556771545827633,0.4776770565764286
0.6148671375714766,0.5555251641137856,0.4776477651717253
0.6150353178607467,0.5553732567678425,0.4776064192182946
0.6152034981500168,0.5552214324767633,0.47759026612486366
0.6153716784392869,0.5550696911724515,0.4775747613224969
0.615539858728557,0.5549180327868852,0.47755320573113064
0.6157080390178271,0.5547664572521169,0.47731200262974854
0.6158762193070972,0.5548880393227744,0.4772884832631946
0.6160443995963673,0.555009555009555,0.47728196281893653
0.6162125798856374,0.55485807860262,0.4772767351088261
0.6163807601749075,0.5549795361527967,0.47726947660222385
0.6165489404641776,0.555100927441353,0.4772574139044895
0.6167171207534476,0.5549495500409054,0.47725200852870653
0.6168853010427178,0.5550708833151581,0.4772285704987219
0.6170534813319879,0.5551921504497138,0.4772004786269001
0.617221661621258,0.5550408719346049,0.4771579230412158
0.617389841910528,0.5551620811767911,0.47713812758947266
0.6175580221997982,0.5552832244008714,0.4770968603415219
0.6177262024890683,0.5554043016607678,0.47707427399770846
0.6178943827783384,0.5555253130103429,0.47700389732940146
0.6180625630676084,0.555374149659864,0.4769702729425239
0.6182307433568786,0.5554951033732318,0.4769317718916
0.6183989236461487,0.5553440304596138,0.4769130364747441
0.6185671039354188,0.5551930396954867,0.4769090231610415
0.6187352842246888,0.5550421310138625,0.47685848012600945
0.618903464513959,0.5548913043478261,0.4767498508846826
0.6190716448032291,0.5547405596305351,0.47657445590007935
0.6192398250924992,0.55458989679522,0.4765690555906331
0.6194080053817692,0.5547108335595982,0.4765313776769145
0.6195761856710393,0.5545602605863192,0.4764473537474428
0.6197443659603095,0.5544097693351425,0.47638933554629753
0.6199125462495796,0.5542593597395551,0.47635915807160745
0.6200807265388496,0.5541090317331163,0.47632106239435706
0.6202489068281197,0.5539587852494577,0.47630643525330046
0.6204170871173899,0.5538086202222825,0.476284507110897
0.62058526740666,0.5536585365853659,0.47623889883400944
0.62075344769593,0.5535085342725549,0.47622044357746507
0.6209216279852001,0.5536294691224268,0.47620565561227596
0.6210898082744702,0.5534795559165989,0.4761353313300002
0.6212579885637404,0.5533297238765565,0.4760764839012118
0.6214261688530104,0.5531799729364005,0.47607611990304716
0.6215943491422805,0.5533008658008658,0.4759913541979476
0.6217625294315506,0.5531512036786583,0.4759729290600307
0.6219307097208208,0.5530016224986479,0.47591692315234957
0.6220988900100908,0.5528521221951879,0.47585906272798006
0.6222670702993609,0.5527027027027027,0.47581781587920396
0.622435250588631,0.5528235611996758,0.4758133028431086
0.6226034308779012,0.5529443544030254,0.4757496535415421
0.6227716111671712,0.5530650823656494,0.475722731211421
0.6229397914564413,0.5531857451403888,0.47568202959260036
0.6231079717457114,0.5530364372469636,0.47566295623712274
0.6232761520349815,0.5528872099298435,0.47565318935921796
0.6234443323242516,0.5530078230374966,0.4755328865943231
0.6236125126135217,0.5528586839266451,0.47552859476469894
0.6237806929027918,0.5529792396872473,0.4754897795391149
0.6239488731920619,0.553099730458221,0.4753768648052016
0.624117053481332,0.5532201562921045,0.47537017304648604
0.6242852337706021,0.5530711206896551,0.4753241862304052
0.6244534140598722,0.552922165364934,0.47530505333005774
0.6246215943491423,0.5530425417339795,0.4752862486227083
0.6247897746384123,0.5528936742934051,0.4752034933347534
0.6249579549276825,0.5527448869752422,0.47515522962426726
0.6251261352169526,0.552865213882163,0.47512967497762437
0.6252943155062227,0.5527165142549758,0.47509326852848177
0.6254624957954927,0.5528367840817424,0.47503989736493135
0.6256306760847629,0.5529569892473118,0.47492205547563515
0.625798856374033,0.5528083848427842,0.4749214395661103
0.6259670366633031,0.5526598602901666,0.4749214131444121
0.6261352169525731,0.5525114155251142,0.47488547384382174
0.6263033972418433,0.5526315789473685,0.47488496797994956
0.6264715775311134,0.552751677852349,0.47487642065127555
0.6266397578203835,0.5528717122920022,0.4747650356455056
0.6268079381096535,0.5529916823182184,0.47476312418859085
0.6269761183989236,0.5531115879828327,0.47470929856958016
0.6271442986881938,0.5529632609278627,0.4746625229118528
0.6273124789774639,0.5528150134048258,0.47464199514794564
0.6274806592667339,0.5526668453497722,0.47464097400030875
0.627648839556004,0.552518756698821,0.4746051561147134
0.6278170198452742,0.5526386284489686,0.4745623660342576
0.6279852001345443,0.5524906266738082,0.4745422231678583
0.6281533804238143,0.5526104417670683,0.474468679333714
0.6283215607130844,0.5524625267665952,0.47439243736586717
0.6284897410023546,0.5525822852555525,0.4743885388344227
0.6286579212916246,0.5527019796682718,0.47435641169942916
0.6288261015808947,0.552554158866007,0.4743292269556738
0.6289942818701648,0.5526737967914439,0.47430726436864495
0.6291624621594349,0.5525260625501203,0.4742825766412339
0.629330642448705,0.5523784072688402,0.474218158813081
0.6294988227379751,0.5524979962596848,0.4741776991823919
0.6296670030272452,0.5523504273504274,0.47415671391983394
0.6298351833165153,0.5522029372496662,0.4740791503976738
0.6300033636057853,0.5523224773091298,0.4740521709236398
0.6301715438950555,0.552175073392047,0.4740398273810093
0.6303397241843256,0.5522945570971185,0.47399001657251144
0.6305079044735957,0.5524139770605495,0.47397316405724627
0.6306760847628657,0.5522666666666667,0.4739482814847788
0.6308442650521359,0.552119434817382,0.4738010024782269
0.631012445341406,0.5522388059701493,0.47372052353465777
0.6311806256306761,0.5523581135091926,0.4737169337881396
0.6313488059199461,0.552477357485349,0.4736101605130599
0.6315169862092163,0.5525965379494008,0.4735770424343416
0.6316851664984864,0.5527156549520766,0.4734795350723976
0.6318533467877565,0.5528347085440511,0.47347144122635265
0.6320215270770265,0.5526875997871208,0.473467831097321
0.6321897073662966,0.5528065974993349,0.47345531890340803
0.6323578876555668,0.5529255319148936,0.47343732136795375
0.6325260679448369,0.553044403084286,0.473411690534784
0.6326942482341069,0.5528973950026581,0.47339735110460374
0.632862428523377,0.5527504650544778,0.47337412233243714
0.6330306088126472,0.5526036131774708,0.4733678075898895
0.6331987891019173,0.5524568393094289,0.4732341966008108
0.6333669693911873,0.5523101433882103,0.4731674579730879
0.6335351496804574,0.5524289885850809,0.47316643300880845
0.6337033299697276,0.5522823779193206,0.47306503476403605
0.6338715102589977,0.5524011674184134,0.47306463400459065
0.6340396905482677,0.5525198938992042,0.4730529136283936
0.6342078708375378,0.5526385574118271,0.472975998667586
0.634376051126808,0.5527571580063627,0.47297508488954165
0.6345442314160781,0.552610654651471,0.47297294566420517
0.6347124117053481,0.5524642289348172,0.47294214269583645
0.6348805919946182,0.552317880794702,0.4729330170526483
0.6350487722838883,0.5521716101694916,0.4729113470246754
0.6352169525731585,0.5520254169976172,0.4729048722591151
0.6353851328624285,0.5518793012175754,0.47281531917544334
0.6355533131516986,0.5519978830378407,0.47279928428927803
0.6357214934409687,0.5521164021164021,0.47278731069393976
0.6358896737302389,0.5519703782068236,0.4727601715900922
0.6360578540195089,0.5520888418826018,0.47273151219648857
0.636226034308779,0.5522072429288924,0.4726706244629954
0.6363942145980491,0.552061310782241,0.47266649723564846
0.6365623948873192,0.5519154557463672,0.472575712706132
0.6367305751765893,0.5520338087691495,0.4725087318161897
0.6368987554658594,0.5518880380248218,0.4724870139742688
0.6370669357551295,0.5520063357972544,0.47247199412506513
0.6372351160443996,0.5521245711269465,0.4723870763143297
0.6374032963336697,0.5519788918205805,0.472261717869487
0.6375714766229398,0.5518332893695594,0.47225480567230405
0.6377396569122099,0.5516877637130801,0.47222948188482583
0.63790783720148,0.5518059583443184,0.47218928754502343
0.63807601749075,0.5519240906694781,0.47217817378529714
0.6382441977800202,0.5517786561264822,0.4721762221795908
0.6384123780692903,0.5518967334035827,0.4721671028420506
0.6385805583585604,0.5517513826705294,0.4721585204041781
0.6387487386478304,0.5516061084781464,0.47206659191860056
0.6389169189371006,0.551460910765991,0.4720625632647502
0.6390850992263707,0.5513157894736842,0.47204277282373885
0.6392532795156408,0.5511707445409103,0.4720129722946324
0.6394214598049108,0.5512887953708574,0.4719988082586443
0.639589640094181,0.5514067841178018,0.4719401881780352
0.6397578203834511,0.5512618296529969,0.4718347769368254
0.6399260006727212,0.5511169513797635,0.47174626999366487
0.6400941809619912,0.5512348922753547,0.4716643930812807
0.6402623612512613,0.5513527712109272,0.4716385014005655
0.6404305415405315,0.5514705882352942,0.4716300140359799
0.6405987218298016,0.5513258072985036,0.47161266650259487
0.6407669021190716,0.5511811023622047,0.471536010368106
0.6409350824083417,0.5510364733665705,0.47148168213102576
0.6411032626976119,0.5511542497376705,0.471477669635079
0.641271442986882,0.5512719643325465,0.4713417669759951
0.641439623276152,0.5513896171997903,0.47132384305388786
0.6416078035654221,0.5515072083879423,0.4712825064806164
0.6417759838546923,0.5513626834381551,0.47126707265302914
0.6419441641439624,0.5514802200681164,0.4712572964557651
0.6421123444332324,0.5515976951283394,0.4712009831514405
0.6422805247225025,0.5517151086671903,0.47119885902503816
0.6424487050117726,0.5515706806282723,0.47109455107516646
0.6426168853010428,0.5514263281863386,0.4709951528243124
0.6427850655903128,0.5512820512820513,0.470978864386577
0.6429532458795829,0.5511378498561339,0.47097880649343915
0.643121426168853,0.5509937238493724,0.47088476300990817
0.643289606458123,0.5508496732026144,0.47087720783549625
0.6434577867473932,0.5509670674333508,0.4708187000033904
0.6436259670366633,0.5510844003135615,0.47073769255700826
0.6437941473259334,0.5509404388714734,0.47069663901927045
0.6439623276152034,0.5510577174196918,0.4706824049969165
0.6441305079044736,0.5511749347258486,0.47062588930969007
0.6442986881937437,0.5512920908379013,0.47057256923318747
0.6444668684830138,0.5514091858037579,0.47056165019730756
0.6446350487722838,0.5512653274197756,0.4704826407592387
0.644803229061554,0.5513823682837767,0.47041149480120464
0.6449714093508241,0.5514993481095176,0.4703441590932774
0.6451395896400942,0.5513555787278415,0.47033274157891825
0.6453077699293642,0.5514725045608548,0.4702560743824674
0.6454759502186344,0.5515893694632621,0.47017075182686807
0.6456441305079045,0.5514456889815056,0.47013325549585744
0.6458123107971746,0.5515625,0.47006131987345695
0.6459804910864446,0.5514189013277793,0.4699986432639776
0.6461486713757147,0.5515356585111921,0.46998162818384787
0.6463168516649849,0.551392141556076,0.4699691627499972
0.646485031954255,0.5515088449531738,0.4699629176620928
0.646653212243525,0.5513654096228868,0.4699400418223939
0.6468213925327951,0.5514820592823713,0.46985998252170535
0.6469895728220653,0.5513387054847934,0.4698583347991413
0.6471577531113354,0.5511954261954262,0.4698361732785713
0.6473259334006054,0.5513120290984671,0.4697451834227836
0.6474941136898755,0.5514285714285714,0.469734650711963
0.6476622939791457,0.5515450532329265,0.4697083699725792
0.6478304742684158,0.5514018691588785,0.46967924319058174
0.6479986545576858,0.5515182974305736,0.4696550881331579
0.6481668348469559,0.551634665282823,0.469632542316389
0.648335015136226,0.551750972762646,0.469623270938491
0.6485031954254962,0.5516078838174274,0.469622859223979
0.6486713757147662,0.5517241379310345,0.4696112116152759
0.6488395560040363,0.5518403317781234,0.4695908616485173
0.6490077362933064,0.5516973309147447,0.4695583033950935
0.6491759165825766,0.5518134715025906,0.46953837143766525
0.6493440968718466,0.551929551929552,0.4695334132603033
0.6495122771611167,0.5517866390471259,0.46945504297449214
0.6496804574503868,0.5516438001553197,0.469450023374954
0.649848637739657,0.55175983436853,0.4694391981894523
0.650016818028927,0.5516170763260025,0.4694137090515914
0.6501849983181971,0.5517330574236937,0.4693785937336687
0.6503531786074672,0.5515903801396431,0.46929317625776806
0.6505213588967373,0.5517063081695966,0.4692776054642526
0.6506895391860074,0.5515637115533729,0.4692597001410152
0.6508577194752775,0.5514211886304909,0.4692572049893674
0.6510258997645476,0.5512787393438388,0.46925507665058513
0.6511940800538177,0.5513946280991735,0.4692517432843749
0.6513622603430878,0.5515104570100697,0.4692516040136131
0.6515304406323579,0.551368094992256,0.469247534043865
0.651698620921628,0.551483870967742,0.469241291851823
0.6518668012108981,0.5515995872033024,0.4692313075004342
0.6520349815001681,0.5517152437451638,0.46921787804420234
0.6522031617894383,0.5518308406395049,0.4691109975183239
0.6523713420787084,0.5516885795308069,0.46902217912749716
0.6525395223679785,0.5518041237113402,0.46900939737078284
0.6527077026572485,0.5519196083483638,0.4690048832928698
0.6528758829465187,0.5520350334878928,0.4689851240918835
0.6530440632357888,0.5518928663404584,0.4689670699275468
0.6532122435250589,0.551750772399588,0.4688936115169756
0.6533804238143289,0.5518661518661518,0.46885723182716305
0.653548604103599,0.5517241379310345,0.4688204268875271
0.6537167843928692,0.5518394648829431,0.4687850800984976
0.6538849646821393,0.5516975308641975,0.46875615692181893
0.6540531449714093,0.5518128053484186,0.4687476796788924
0.6542213252606794,0.5516709511568123,0.46859924637680855
0.6543895055499496,0.5515291698792084,0.4685865003840431
0.6545576858392197,0.5513874614594039,0.4685451385015493
0.6547258661284897,0.5512458258412535,0.4685387415627295
0.6548940464177598,0.5513610683102208,0.4684671575503987
0.65506222670703,0.5514762516046213,0.4684251562365507
0.6552304069963001,0.5513347022587269,0.46839796430654546
0.6553985872855701,0.5511932255581217,0.4682704936721583
0.6555667675748402,0.5510518214468958,0.46818880794786333
0.6557349478641104,0.5511669658886894,0.46815666147195917
0.6559031281533805,0.5512820512820513,0.4681082402571938
0.6560713084426505,0.5511407331453474,0.4680479812767661
0.6562394887319206,0.5509994874423373,0.46802971866312865
0.6564076690211907,0.5511145272867025,0.46798115652507416
0.6565758493104609,0.5509733606557377,0.4679802104073904
0.6567440295997309,0.5510883482714468,0.4679729216047853
0.656912209889001,0.55094726062468,0.46795493891680123
0.6570803901782711,0.5510621960583568,0.4679460824640459
0.6572485704675411,0.5511770726714432,0.46793953026714435
0.6574167507568113,0.5512918905090816,0.46792360012059486
0.6575849310460814,0.5514066496163683,0.46792129919574166
0.6577531113353515,0.5515213500383533,0.46791362049642454
0.6579212916246215,0.5513803680981595,0.46787941165929575
0.6580894719138917,0.5514950166112956,0.46785631887660506
0.6582576522031618,0.5516096065406234,0.46779764413856034
0.6584258324924319,0.5514687100893998,0.4677756381340848
0.6585940127817019,0.5513278855975485,0.4677592393844167
0.6587621930709721,0.5511871330099566,0.46768011254692915
0.6589303733602422,0.5513016845329249,0.4676036214505324
0.6590985536495123,0.5514161775963256,0.4675400725796002
0.6592667339387823,0.5512755102040816,0.46753709618354305
0.6594349142280524,0.5511349145626115,0.4675350114032311
0.6596030945173226,0.5512493625701173,0.4675331400314195
0.6597712748065927,0.551108845271476,0.46749775328123777
0.6599394550958627,0.5512232415902141,0.4673643752980742
0.6601076353851328,0.5510828025477708,0.46735262199179384
0.660275815674403,0.5509424350483954,0.4673498498002865
0.6604439959636731,0.5508021390374331,0.46734866216399185
0.6606121762529431,0.5509164969450102,0.4673417288017905
0.6607803565422132,0.5507762789513871,0.46724687708401713
0.6609485368314834,0.5506361323155217,0.4672426881542514
0.6611167171207535,0.5507504451793437,0.46723489444015076
0.6612848974100235,0.5506103763987793,0.46718227967899834
0.6614530776992936,0.5504703788456649,0.46717342695589725
0.6616212579885637,0.5503304524656838,0.4671622078901938
0.6617894382778339,0.5501905972045743,0.46715707778172777
0.6619576185671039,0.5503048780487805,0.46713337802427374
0.662125798856374,0.5501651003302006,0.4671315709612446
0.6622939791456441,0.5502793296089385,0.4671239165079739
0.6624621594349143,0.5501396293475501,0.4671041752884838
0.6626303397241843,0.55,0.46703238778949946
0.6627985200134544,0.5501141842172037,0.4669603626548909
0.6629667003027245,0.5502283105022832,0.4669595662982004
0.6631348805919947,0.5503423788993153,0.4669436811148904
0.6633030608812647,0.5504563894523327,0.4669153823875737
0.6634712411705348,0.5505703422053232,0.46690165938808986
0.6636394214598049,0.5504308160162189,0.4668824350113909
0.663807601749075,0.5505447175069673,0.4668820581367861
0.6639757820383451,0.5504052684903749,0.46684626829775017
0.6641439623276152,0.5502658900987591,0.46682518487778235
0.6643121426168853,0.550126582278481,0.4668209816906223
0.6644803229061554,0.5499873449759555,0.4667388705351197
0.6646485031954255,0.5501012145748988,0.46672750372598826
0.6648166834846956,0.5499620541360991,0.466690718301662
0.6649848637739657,0.5498229640870005,0.4666732197305282
0.6651530440632358,0.5496839443742099,0.46661991948212256
0.6653212243525058,0.5495449949443882,0.466555973907813
0.665489404641776,0.5494061157442507,0.46655045291808417
0.6656575849310461,0.5492673067205659,0.4665308319578913
0.6658257652203162,0.5493811568577923,0.46652453336590516
0.6659939455095862,0.5492424242424242,0.4664873719585463
0.6661621257988564,0.5493562231759657,0.4664651048004463
0.6663303060881265,0.549469964664311,0.4664531327847987
0.6664984863773966,0.5493313146606107,0.4664467851250521
0.6666666666666666,0.5491927346115035,0.4664270484790123
0.6668348469559368,0.5490542244640605,0.4664253097780932
0.6670030272452069,0.548915784165406,0.4664242116725147
0.667171207534477,0.5487774136627174,0.4663928435118055
0.667339387823747,0.5486391129032258,0.46637720460594906
0.6675075681130171,0.5485008818342152,0.46633557197064723
0.6676757484022873,0.5483627204030227,0.4662459109838418
0.6678439286915574,0.5484764542936288,0.46623962734202873
0.6680121089808274,0.548590130916415,0.4662393153752814
0.6681802892700975,0.5487037503146237,0.4662287647022542
0.6683484695593677,0.5488173125314545,0.46621717000396806
0.6685166498486378,0.5486792452830188,0.4661720660071953
0.6686848301379078,0.5487927565392354,0.46614863615630187
0.6688530104271779,0.5489062107115916,0.4661303829064056
0.669021190716448,0.5490196078431373,0.4661101387685665
0.6691893710057182,0.5488816285498869,0.4661021540460889
0.6693575512949882,0.5487437185929648,0.4660632637009497
0.6695257315842583,0.5486058779201206,0.46602055253809543
0.6696939118735284,0.5484681064791562,0.466002966775459
0.6698620921627986,0.5483304042179262,0.4659416415976696
0.6700302724520686,0.5481927710843374,0.46593940514358545
0.6701984527413387,0.5480552070263488,0.46590824168762524
0.6703666330306088,0.5479177119919719,0.46590027039425375
0.670534813319879,0.5480311010785052,0.46589802688958093
0.670702993609149,0.5478936810431294,0.4658195664116252
0.6708711738984191,0.5477563299072449,0.46573714747615896
0.6710393541876892,0.5478696741854636,0.4656864791407347
0.6712075344769594,0.5479829616637434,0.465664843090366
0.6713757147662294,0.5478456913827655,0.46558290881309444
0.6715438950554995,0.5479589281242174,0.46558152628387717
0.6717120753447696,0.5480721081622434,0.4655748775926911
0.6718802556340396,0.5479349186483103,0.46555836101621906
0.6720484359233098,0.5480480480480481,0.4655424285894103
0.6722166162125799,0.5479109331998999,0.46548684975568955
0.67238479650185,0.5477738869434717,0.46547167465620337
0.67255297679112,0.5478869717429358,0.46542847627746553
0.6727211570803902,0.548,0.46539711806934936
0.6728893373696603,0.5481129717570608,0.46539210512104773
0.6730575176589304,0.547976011994003,0.46538687391528427
0.6732256979482004,0.5478391206595054,0.46537849541359316
0.6733938782374705,0.5477022977022977,0.4653737237043155
0.6735620585267407,0.5478152309612984,0.465372828321665
0.6737302388160108,0.5479281078382426,0.4653428618973515
0.6738984191052808,0.5480409283753431,0.4653233851645312
0.6740665993945509,0.5479041916167665,0.46531156175017435
0.6742347796838211,0.5480169618358693,0.4652671889227219
0.6744029599730912,0.5481296758104738,0.4652658580121385
0.6745711402623612,0.5479930191972077,0.4652410388200632
0.6747393205516313,0.5481056829511466,0.46522727821068083
0.6749075008409015,0.5479691004236232,0.46521757436595457
0.6750756811301716,0.5478325859491778,0.46521081855901525
0.6752438614194416,0.547945205479452,0.4652094071554241
0.6754120417087117,0.547808764940239,0.4651990791016848
0.6755802219979818,0.5476723923325865,0.46512677346895925
0.675748402287252,0.5477849676455948,0.4650986825053168
0.675916582576522,0.5476486688230903,0.4650968168408329
0.6760847628657921,0.5477611940298508,0.46509479484480815
0.6762529431550622,0.5476249689132057,0.4650215956384734
0.6764211234443324,0.5477374440576828,0.4650074462177771
0.6765893037336024,0.5476012925677355,0.46495395337533724
0.6767574840228725,0.547713717693837,0.4649265418152324
0.6769256643121426,0.5478260869565217,0.46476696708386545
0.6770938446014128,0.5476900149031296,0.46476385805708104
0.6772620248906828,0.5478023342438539,0.4647597786790898
0.6774302051799529,0.5476663356504469,0.46473681167973974
0.677598385469223,0.5475304045668901,0.4646837157164297
0.6777665657584931,0.5476426799007444,0.4645977296507884
0.6779347460477632,0.547754899528653,0.4645713326182572
0.6781029263370333,0.5478670634920635,0.46455627033386354
0.6782711066263034,0.5477312174559881,0.4645311633034054
0.6784392869155735,0.5475954387704511,0.4644895896123342
0.6786074672048436,0.547459727385378,0.4644874834878778
0.6787756474941137,0.5473240832507433,0.4644630788422737
0.6789438277833838,0.5474362150111469,0.464457867193359
0.6791120080726539,0.5473006438831105,0.4644071126563975
0.6792801883619239,0.547412725922258,0.4643724907347348
0.6794483686511941,0.5472772277227723,0.4643657773537661
0.6796165489404642,0.5473892600841376,0.46433933878477984
0.6797847292297343,0.5472538347352796,0.46430829022848297
0.6799529095190043,0.5473658174622805,0.46425851263421647
0.6801210898082745,0.5472304648862513,0.46425756895866843
0.6802892700975446,0.5470951792336217,0.4642470253672852
0.6804574503868147,0.5472071181413742,0.4642430788679921
0.6806256306760847,0.5473190017296763,0.46421933318399466
0.6807938109653549,0.5474308300395256,0.46421809816681125
0.680961991254625,0.5475426031118795,0.46421183384070663
0.6811301715438951,0.5474074074074075,0.4641374786116748
0.6812983518331651,0.5472722784497654,0.46409139950219286
0.6814665321224352,0.5473840078973347,0.4640566042599542
0.6816347124117054,0.5474956822107081,0.46404286667868744
0.6818028927009755,0.5476073014306857,0.46404097800515065
0.6819710729902455,0.5474722564734895,0.46396925987433546
0.6821392532795156,0.5475838264299803,0.4639073278007727
0.6823074335687858,0.5474488538328814,0.46390184009763674
0.6824756138580559,0.5475603745687531,0.46385071955620405
0.6826437941473259,0.5476718403547672,0.4638414684221188
0.682811974436596,0.5475369458128079,0.4638124396430536
0.6829801547258662,0.5474021177049988,0.4638088338628512
0.6831483350151363,0.5475135401280158,0.46375994924619146
0.6833165153044063,0.5476249077036672,0.463734606500267
0.6834846955936764,0.547736220472441,0.46372081200050863
0.6836528758829465,0.5476014760147602,0.4636775096261798
0.6838210561722167,0.5477127397934087,0.4636704622788205
0.6839892364614867,0.5475780673715269,0.46365719804615707
0.6841574167507568,0.5476892822025565,0.46364380675586964
0.6843255970400269,0.5475546817399852,0.4636317582970252
0.6844937773292971,0.5474201474201474,0.46360353720637726
0.6846619576185671,0.5472856791943012,0.46360000568389104
0.6848301379078372,0.5473968565815324,0.463576429262337
0.6849983181971073,0.5472624601031181,0.4635452755407664
0.6851664984863775,0.5473735886107021,0.4635429518622284
0.6853346787756475,0.5472392638036809,0.46351160590325546
0.6855028590649176,0.5471050049067714,0.46340595361612236
0.6856710393541877,0.5469708118714741,0.4633956323793963
0.6858392196434577,0.5468366846493379,0.46339191227411713
0.6860073999327279,0.5467026231919588,0.4633859594535042
0.686175580221998,0.5465686274509803,0.4633777046832709
0.6863437605112681,0.5464346973780936,0.4633695094506812
0.6865119408005381,0.546545810877021,0.4633661420324472
0.6866801210898082,0.5466568699485672,0.46333483028634365
0.6868483013790784,0.5465230166503428,0.46329692274027956
0.6870164816683485,0.5463892288861689,0.4632902344393975
0.6871846619576185,0.5462555066079295,0.46328307264211743
0.6873528422468886,0.5461218497675556,0.4632811267702762
0.6875210225361588,0.5459882583170255,0.46324132891430436
0.6876892028254289,0.5458547322083639,0.46320345418733544
0.6878573831146989,0.545721271393643,0.463196012086767
0.688025563403969,0.5455878758249817,0.4631407177604132
0.6881937436932392,0.5456989247311828,0.46308956485029873
0.6883619239825093,0.5458099193745419,0.46307385400837514
0.6885301042717793,0.545676599902296,0.4630436089885846
0.6886982845610494,0.5455433455433455,0.4630276831255237
0.6888664648503195,0.545654296875,0.4629989843655618
0.6890346451395897,0.5455211130095191,0.4629830630300664
0.6892028254288597,0.5453879941434846,0.4629484663513202
0.6893710057181298,0.5452549402293242,0.46292326039475035
0.6895391860073999,0.5453658536585366,0.46291372478714504
0.6897073662966701,0.5454767129968301,0.46291343931232487
0.6898755465859401,0.5455875182837641,0.4629076396427771
0.6900437268752102,0.5454545454545454,0.4628417039559829
0.6902119071644803,0.5453216374269005,0.46283201245862843
0.6903800874537505,0.5451887941534713,0.4628315854077154
0.6905482677430205,0.5452995616171457,0.46278077445558274
0.6907164480322906,0.5451667884100316,0.46274942856347845
0.6908846283215607,0.5450340798442064,0.46274312403096035
0.6910528086108308,0.545144804088586,0.4627176774383177
0.6912209889001009,0.5452554744525547,0.4626846558020282
0.691389169189371,0.5453660909754318,0.46264770069703054
0.6915573494786411,0.545476653696498,0.462629165017084
0.6917255297679112,0.5453440311208364,0.4626081703590949
0.6918937100571813,0.5452114730189597,0.4625604847214232
0.6920618903464514,0.545321992709599,0.4625467367343668
0.6922300706357215,0.5454324586977648,0.4625196123493074
0.6923982509249916,0.5455428710225892,0.462479666397713
0.6925664312142616,0.5454103933948519,0.46246593789450574
0.6927346115035318,0.5455207574654042,0.46245913857286236
0.6929027917928019,0.545631067961165,0.46243723625284977
0.693070972082072,0.5457413249211357,0.46243635864795934
0.693239152371342,0.5458515283842795,0.4624353457873912
0.6934073326606122,0.5457191365510551,0.46234994224852516
0.6935755129498823,0.5458292919495635,0.46231780514312637
0.6937436932391524,0.5456969696969697,0.46230188798246885
0.6939118735284224,0.5458070770722249,0.4622939234603794
0.6940800538176926,0.5456748243275987,0.4622607076163349
0.6942482341069627,0.5457848837209303,0.4622514573722364
0.6944164143962328,0.545652700411722,0.4622399424623816
0.6945845946855028,0.5455205811138014,0.4622259999998368
0.694752774974773,0.5456305979181796,0.4622218995762518
0.6949209552640431,0.5457405614714425,0.4621750355255107
0.6950891355533132,0.5456085168158723,0.4621449195775563
0.6952573158425832,0.5454765360425737,0.4621308932440568
0.6954254961318533,0.5453446191051995,0.46206684618439314
0.6955936764211235,0.5454545454545454,0.4620662478505476
0.6957618567103936,0.5453226976069616,0.46204327260706934
0.6959300369996636,0.5451909134847752,0.46202662966374136
0.6960982172889337,0.5453007972940324,0.46194890558553314
0.6962663975782039,0.5451690821256039,0.46193948980674643
0.696434577867474,0.545278918135716,0.46190273668626813
0.696602758156744,0.5453887011105746,0.46187311661498476
0.6967709384460141,0.5452570601013759,0.46186581449052827
0.6969391187352842,0.5451254826254827,0.4618417675451631
0.6971072990245544,0.544993968636912,0.46179651961081153
0.6972754793138244,0.5451037144235408,0.46176311060888464
0.6974436596030945,0.5449722691102001,0.4617578611406573
0.6976118398923646,0.5448408871745419,0.46173192711426275
0.6977800201816348,0.5447095685707399,0.4617172589914725
0.6979482004709048,0.5448192771084337,0.4616986925041799
0.6981163807601749,0.5449289327872802,0.4616909759920554
0.698284561049445,0.5450385356454721,0.46162791591969926
0.6984527413387152,0.5449072959306526,0.461593751219535
0.6986209216279852,0.5450168512277324,0.4615679342511403
0.6987891019172553,0.5448856799037305,0.4615551283757981
0.6989572822065254,0.544995187680462,0.4615475743936254
0.6991254624957955,0.5451046427712293,0.4615079526644387
0.6992936427850656,0.544973544973545,0.4614895385458306
0.6994618230743357,0.5450829526328445,0.46148244423035845
0.6996300033636058,0.5451923076923076,0.4614799089358783
0.6997981836528759,0.5453016101898582,0.46147403469216064
0.699966363942146,0.5451705910619894,0.4614662572226914
0.7001345442314161,0.5452798462647129,0.4614393288777341
0.7003027245206862,0.5453890489913544,0.4614378605134763
0.7004709048099562,0.5454981992797119,0.46143569450172234
0.7006390850992263,0.5456072971675469,0.46142062893452934
0.7008072653884965,0.5454763618910488,0.46141886648134195
0.7009754456777666,0.5453454894433781,0.4613958803293039
0.7011436259670366,0.5454545454545454,0.4613394901416759
0.7013118062563067,0.5455635491606715,0.46124577018550117
0.7014799865455769,0.5454327499400623,0.46123958188065667
0.701648166834847,0.5453020134228188,0.4612158392524677
0.701816347124117,0.5454109753175174,0.46120067970710127
0.7019845274133871,0.5452803066602779,0.4611918542770226
0.7021527077026573,0.5453892215568862,0.4611886433637176
0.7023208879919274,0.5454980842911877,0.4611748868092771
0.7024890682811974,0.5453674886282021,0.461150291032789
0.7026572485704675,0.5454763044518909,0.46114403163846573
0.7028254288597376,0.5453457765015554,0.4610885788069614
0.7029936091490078,0.5452153110047847,0.4610721150055258
0.7031617894382778,0.545324085147094,0.4609909558810741
0.7033299697275479,0.5451936872309899,0.46099003907392533
0.703498150016818,0.545063351661487,0.46091133094226067
0.7036663303060882,0.5451720841300192,0.4608897154313527
0.7038345105953582,0.5452807646356034,0.4608713767136638
0.7040026908846283,0.5453893932154802,0.46086533359902904
0.7041708711738984,0.5454979699068545,0.4608236756853175
0.7043390514631686,0.5456064947468959,0.46081395656867935
0.7045072317524386,0.5457149677727381,0.4607904114586374
0.7046754120417087,0.5455847255369929,0.4607824819532153
0.7048435923309788,0.5454545454545454,0.46078129983175115
0.7050117726202489,0.545324427480916,0.46076927501077947
0.705179952909519,0.5454328642976389,0.4607647724780065
0.7053481331987891,0.5455412494039104,0.4607539287722032
0.7055163134880592,0.5454112038140644,0.46074119387167656
0.7056844937773293,0.5455195424213537,0.46071856166993663
0.7058526740665994,0.5453895639742673,0.4606916229417235
0.7060208543558695,0.5454978561219629,0.460671907302132
0.7061890346451396,0.5453679447487497,0.4606590796383064
0.7063572149344097,0.5454761904761904,0.46065336974045806
0.7065253952236797,0.5453463461080695,0.4606277344060556
0.7066935755129499,0.5454545454545454,0.46058441791696964
0.70686175580222,0.5455626933142993,0.46058396161174925
0.7070299360914901,0.5456707897240723,0.46053794296092077
0.7071981163807601,0.5455410225921522,0.4604865713133576
0.7073662966700303,0.5454113171659534,0.4604755388346677
0.7075344769593004,0.5452816734014737,0.46044097833872927
0.7077026572485705,0.5453897338403042,0.46039240798713643
0.7078708375378405,0.5452601568068425,0.4603891948802342
0.7080390178271107,0.5451306413301663,0.4603661104245456
0.7082071981163808,0.5452386606506768,0.4603493007964645
0.7083753784056509,0.5451092117758785,0.4603373463556842
0.7085435586949209,0.545217184903869,0.4603128952340818
0.708711738984191,0.5453251067869008,0.4603019435040446
0.7088799192734612,0.5454329774614473,0.4602781136832653
0.7090480995627313,0.5455407969639469,0.46027012481626184
0.7092162798520013,0.5456485653308039,0.46023629967507307
0.7093844601412714,0.5457562825983878,0.46023613109662304
0.7095526404305416,0.5456269258118037,0.460210982335487
0.7097208207198117,0.545734597156398,0.46020862473433494
0.7098890010090817,0.5458422174840085,0.4602049762958662
0.7100571812983518,0.5459497868308858,0.4601777270044734
0.710225361587622,0.5460573052332465,0.4601713392419419
0.7103935418768921,0.5461647727272727,0.46015360344911993
0.7105617221661621,0.5460355029585798,0.4601487162476044
0.7107299024554322,0.5461429247515381,0.46009489005365367
0.7108980827447023,0.5460137213153536,0.46008454872788834
0.7110662630339725,0.5458845789971618,0.4600581235699096
0.7112344433232425,0.5457554977536061,0.46004773526024834
0.7114026236125126,0.5458628841607565,0.46001327158426764
0.7115708039017827,0.5457338690616875,0.4599976735447667
0.7117389841910529,0.5456049149338374,0.459968354781075
0.7119071644803229,0.5457122608079377,0.45996085063006054
0.712075344769593,0.545583372697213,0.45995694044114177
0.7122435250588631,0.5454545454545454,0.4599119923278315
0.7124117053481333,0.5453257790368272,0.45988930225618824
0.7125798856374033,0.5451970734009912,0.45984650038205793
0.7127480659266734,0.5450684285040113,0.4598456548468115
0.7129162462159435,0.5449398443029017,0.45983866868535156
0.7130844265052136,0.5450471698113207,0.4598126582852432
0.7132526067944837,0.544918651261495,0.4597807075885863
0.7134207870837538,0.545025931164545,0.4597509147374812
0.7135889673730239,0.5448974781993873,0.45973873073016125
0.713757147662294,0.5447690857681433,0.45968732380031857
0.713925327951564,0.5448763250883393,0.45966029356252086
0.7140935082408342,0.544983513895431,0.4596250865310335
0.7142616885301043,0.5448551919001648,0.45955678070416467
0.7144298688193743,0.5447269303201506,0.45954339710684017
0.7145980491086444,0.5448340786067309,0.45951598763661167
0.7147662293979146,0.5447058823529412,0.4595084909977961
0.7149344096871847,0.5445777464126088,0.4594918449197758
0.7151025899764547,0.5444496707431796,0.4594277944390187
0.7152707702657248,0.5445567834469786,0.4594139823659206
0.715438950554995,0.5444287729196051,0.45939734294774087
0.7156071308442651,0.5443008225616921,0.4593582483795875
0.7157753111335351,0.5444078947368421,0.45931000385896925
0.7159434914228052,0.5445149166079398,0.45920055919165714
0.7161116717120753,0.5446218882104275,0.45915279932684333
0.7162798520013455,0.5447288095797136,0.45910993601514244
0.7164480322906155,0.5448356807511737,0.4590353984453877
0.7166162125798856,0.5447078150668857,0.45900598431239725
0.7167843928691557,0.5448146410136087,0.4589907059359662
0.7169525731584259,0.5446868402533427,0.45890915833414925
0.7171207534476959,0.5447936210131332,0.4588964775709037
0.717288933736966,0.5449003516998827,0.4588879306691459
0.7174571140262361,0.5450070323488045,0.4588716507949321
0.7176252943155063,0.544879306304195,0.4588706571149533
0.7177934746047763,0.5447516401124649,0.4588506550012884
0.7179616548940464,0.5448582806277816,0.4588422378093914
0.7181298351833165,0.5449648711943794,0.45883384017489287
0.7182980154725866,0.5450714118473425,0.4588191581316798
0.7184661957618567,0.5449438202247191,0.45877052167852034
0.7186343760511268,0.544816288322022,0.4587332456045702
0.7188025563403969,0.544922788956481,0.45870628449871187
0.718970736629667,0.5450292397660819,0.45865963159355905
0.719138916918937,0.5449017773620206,0.45858207625759206
0.7193070972082072,0.5447743745616086,0.4585809585453752
0.7194752774974773,0.5448807854137447,0.45857451774247
0.7196434577867474,0.5447534470670717,0.45853392341906035
0.7198116380760174,0.5446261682242991,0.4584817203796632
0.7199798183652876,0.5444989488437281,0.45846761964582194
0.7201479986545577,0.544605324614666,0.45845723037571495
0.7203161789438278,0.5444781695073546,0.458401513604302
0.7204843592330978,0.5443510737628384,0.4583780384951636
0.720652539522368,0.5442240373395566,0.4583257552719249
0.7208207198116381,0.5443303779748017,0.45824195310981675
0.7209889001009082,0.5444366689993002,0.45819980046419345
0.7211570803901782,0.5445429104477612,0.45818393146425984
0.7213252606794484,0.5444159477733738,0.45816185136562615
0.7214934409687185,0.5442890442890443,0.4581135824005809
0.7216616212579886,0.5443952458634351,0.458069366437142
0.7218298015472586,0.5442684063373718,0.45806673257800834
0.7219979818365287,0.5441416259026322,0.4580587253548483
0.7221661621257989,0.544014904517932,0.4580502257495271
0.722334342415069,0.5438882421420256,0.45803338815296446
0.722502522704339,0.5439944134078212,0.4579918009608882
0.7226707029936091,0.5441005352571562,0.4579809998649166
0.7228388832828793,0.5439739413680782,0.45797199696812485
0.7230070635721494,0.5440800186089788,0.4579691149404036
0.7231752438614194,0.5441860465116279,0.45795759900135996
0.7233434241506895,0.5440595210416183,0.4579540571618629
0.7235116044399597,0.5439330543933054,0.4579346803019288
0.7236797847292298,0.5438066465256798,0.45791477281818227
0.7238479650184998,0.5436802973977695,0.45791339509487633
0.7240161453077699,0.5435540069686411,0.45791153906438054
0.72418432559704,0.5436600092893636,0.4579091799885126
0.7243525058863102,0.5437659623868122,0.4578745470245413
0.7245206861755802,0.5438718662952646,0.4578702816560801
0.7246888664648503,0.5437456486423764,0.4578069964255057
0.7248570467541204,0.5438515081206496,0.45776804318079567
0.7250252270433906,0.5439573184875899,0.45775069474121277
0.7251934073326606,0.5438311688311688,0.4577287889770455
0.7253615876219307,0.5437050776721539,0.4576796063592008
0.7255297679112008,0.5438108484005564,0.4576644320023982
0.725697948200471,0.5439165701042874,0.45765669994964875
0.725866128489741,0.5440222428174235,0.45765655603765415
0.7260343087790111,0.5438962242297892,0.4575935285614302
0.7262024890682812,0.5437702640111163,0.45755374857053066
0.7263706693575513,0.5436443621208613,0.45749543978142543
0.7265388496468214,0.5435185185185185,0.4574533604570554
0.7267070299360915,0.5433927331636196,0.457425242486386
0.7268752102253616,0.5432670060157334,0.4573799303761525
0.7270433905146317,0.5431413370344668,0.45730082250298176
0.7272115708039018,0.5430157261794635,0.45730052326654913
0.7273797510931719,0.543121387283237,0.4572981720366608
0.727547931382442,0.5432269995376792,0.45728648243457753
0.7277161116717121,0.5433325629766582,0.45727334206744213
0.7278842919609821,0.5432070240295749,0.4572698664250153
0.7280524722502523,0.5430815430815431,0.4572428308297788
0.7282206525395224,0.5431870669745958,0.4572339761235093
0.7283888328287925,0.5432925421380743,0.4572256824923428
0.7285570131180625,0.5433979686057249,0.45719808993831657
0.7287251934073327,0.5432725594276483,0.4571179805235829
0.7288933736966028,0.5431472081218274,0.4571139914511103
0.7290615539858728,0.5432525951557093,0.45709269025727334
0.7292297342751429,0.5433579335793358,0.457056396206201
0.729397914564413,0.5434632234263316,0.4570531027820908
0.7295660948536832,0.5433379437528815,0.4570331984980033
0.7297342751429532,0.5432127218253053,0.45703177421911023
0.7299024554322233,0.5430875576036867,0.45701307993286666
0.7300706357214934,0.5429624510481456,0.45693640567699656
0.7302388160107636,0.5428374021188392,0.45690545860849663
0.7304069963000336,0.5429426663596593,0.45690200477168647
0.7305751765893037,0.5428176795580111,0.45688835258414534
0.7307433568785738,0.542692750287687,0.45688400854147443
0.730911537167844,0.5425678785089738,0.45682726940515794
0.731079717457114,0.5424430641821946,0.45680799387372717
0.7312478977463841,0.5425482980680773,0.4567498701740889
0.7314160780356542,0.542653483559439,0.4567326439187751
0.7315842583249244,0.5427586206896552,0.45665476600878313
0.7317524386141944,0.5426338772695932,0.45664339731652714
0.7319206189034645,0.5425091911764706,0.4566244301915743
0.7320887991927346,0.5423845623707788,0.45662291109431824
0.7322569794820047,0.5422599908130454,0.45660863412414854
0.7324251597712748,0.5423650975889782,0.45660466400137667
0.7325933400605449,0.5422405876951332,0.4565348949585758
0.732761520349815,0.5423456506770714,0.4564456670104132
0.7329297006390851,0.5424506654428637,0.456368926249087
0.7330978809283552,0.542555632025694,0.45635047004142737
0.7332660612176253,0.5426605504587156,0.45633479072370603
0.7334342415068954,0.5425361155698234,0.45632694015935926
0.7336024217961655,0.542411737734984,0.4563157842136807
0.7337706020854355,0.5422874169149667,0.45627304736319246
0.7339387823747057,0.5423923006416131,0.45619061323936116
0.7341069626639758,0.5424971363115693,0.45616320017560114
0.7342751429532459,0.5426019239578561,0.4561396306684409
0.7344433232425159,0.5424776734600412,0.45613831602228233
0.7346115035317861,0.5425824175824175,0.45613753876503416
0.7347796838210562,0.5426871137560082,0.4561245897279381
0.7349478641103263,0.5425629290617849,0.45607082822635037
0.7351160443995963,0.5426675817890643,0.45602807504849663
0.7352842246888665,0.542772186642269,0.45598901434689426
0.7354524049781366,0.5426480676880859,0.4559714105027176
0.7356205852674067,0.5425240054869684,0.45586204334372477
0.7357887655566767,0.5424,0.4558603858133236
0.7359569458459468,0.5422760511882998,0.4558554169169365
0.736125126135217,0.5421521590130226,0.4557500283138768
0.7362933064244871,0.5420283234353586,0.45572015045542574
0.7364614867137571,0.5419045444165335,0.45567442628545723
0.7366296670030272,0.5417808219178082,0.4556563799860627
0.7367978472922974,0.5416571559004794,0.45565411418417556
0.7369660275815675,0.5415335463258786,0.455554926395572
0.7371342078708375,0.5414099931553731,0.45553179293626134
0.7373023881601076,0.541286496350365,0.45546029127647863
0.7374705684493778,0.5411630558722919,0.4554434075790489
0.7376387487386479,0.5412676698586412,0.45543978849366956
0.7378069290279179,0.5411442899475724,0.4553900621819923
0.737975109317188,0.5412488605287147,0.45534595177291565
0.7381432896064581,0.5411255411255411,0.4552017551968415
0.7383114698957283,0.5412300683371298,0.45516414436655234
0.7384796501849983,0.5413345479389661,0.45514854904757385
0.7386478304742684,0.5412112932604736,0.4551165958906608
0.7388160107635385,0.5413157295697701,0.45507284556323796
0.7389841910528087,0.5411925352753755,0.45501366697334045
0.7391523713420787,0.5410693970420933,0.4549817829508076
0.7393205516313488,0.5411737943585078,0.4549747678631483
0.7394887319206189,0.5412781441892199,0.4549148658854273
0.739656912209889,0.5413824465666212,0.4548895201749405
0.7398250924991591,0.5412593771311661,0.45488449909212203
0.7399932727884292,0.5411363636363636,0.4548589207094873
0.7401614530776993,0.5410134060440809,0.4547637731599247
0.7403296333669694,0.5408905043162199,0.454737121133745
0.7404978136562395,0.5407676584147172,0.4547301509308092
0.7406659939455096,0.540644868301544,0.45471441868474793
0.7408341742347797,0.5407491486946652,0.4546787357530853
0.7410023545240498,0.5406264185201998,0.4546747424811636
0.7411705348133198,0.540503744043567,0.4546435539080619
0.74133871510259,0.5406079854809437,0.4546307276375712
0.7415068953918601,0.5407121796325698,0.4545899218280943
0.7416750756811302,0.5408163265306123,0.454506193004831
0.7418432559704002,0.5409204262072093,0.4545008001791614
0.7420114362596704,0.5410244786944697,0.454397687792094
0.7421796165489405,0.5409018808067074,0.454361687154839
0.7423477968382106,0.5407793384685093,0.4543176241695065
0.7425159771274806,0.5406568516421291,0.45430670254827754
0.7426841574167508,0.5405344202898551,0.45430304076755623
0.7428523377060209,0.540638442381707,0.4542592879608418
0.7430205179952909,0.5407424173834314,0.4542234554845657
0.743188698284561,0.5406200497850192,0.45421151928725756
0.7433568785738311,0.5407239819004525,0.45416371152265606
0.7435250588631013,0.5406016738294503,0.45413950196996583
0.7436932391523713,0.540479421076436,0.4540653494804328
0.7438614194416414,0.5403572236038887,0.4540436290042203
0.7440295997309115,0.5404611211573237,0.4540279011274736
0.7441977800201817,0.5403389830508475,0.4539955803766816
0.7443659603094517,0.5404428377767736,0.45393285031157393
0.7445341405987218,0.5403207589789926,0.4539309794067068
0.7447023208879919,0.5401987353206865,0.45390695027398664
0.7448705011772621,0.5400767667645067,0.4537376187485852
0.7450386814665321,0.5399548532731377,0.45369284391079867
0.7452068617558022,0.5398329948092981,0.4536758018280991
0.7453750420450723,0.5399368231046932,0.45365083902842523
0.7455432223343424,0.5400406045567336,0.45362010490231414
0.7457114026236125,0.5399188092016238,0.45361289542252775
0.7458795829128826,0.5397970687711386,0.45356068139541117
0.7460477632021527,0.5396753832281335,0.45355696592766576
0.7462159434914228,0.539553752535497,0.45354612413239315
0.7463841237806929,0.5394321766561514,0.4535328812729578
0.746552304069963,0.5395359315161072,0.453516758883558
0.7467204843592331,0.5394144144144144,0.45351074941369995
0.7468886646485032,0.5392929520378293,0.4535066995893332
0.7470568449377732,0.5391715443493922,0.4534293491878129
0.7472250252270434,0.5390501913121765,0.4533887988930368
0.7473932055163135,0.5389288928892889,0.45325155019781177
0.7475613858055836,0.5390326209223847,0.45314968602463607
0.7477295660948536,0.5391363022941971,0.45306218546207666
0.7478977463841238,0.5390150663368563,0.45305132626587896
0.7480659266733939,0.5388938848920863,0.45304311928742313
0.748234106962664,0.5387727579231288,0.453034782799618
0.748402287251934,0.5386516853932585,0.452982277129513
0.7485704675412042,0.538530667265783,0.45295616639425124
0.7487386478304743,0.5386343216531896,0.4528909995288226
0.7489068281197444,0.5385133617785762,0.4528900249907199
0.7490750084090144,0.53861697350696,0.45288613988972326
0.7492431886982845,0.5387205387205387,0.45287323471100394
0.7494113689875547,0.5385996409335727,0.452858965538466
0.7495795492768248,0.5384787973973525,0.4528393216919272
0.7497477295660948,0.5385823239120682,0.4528298798305163
0.7499159098553649,0.5384615384615384,0.45282964755362887
0.7500840901446351,0.5385650224215247,0.4528057981555878
0.7502522704339052,0.5386684599865501,0.45279113896277856
0.7504204507231752,0.5387718511878081,0.4527847268354801
0.7505886310124453,0.5388751960564643,0.4527660083491133
0.7507568113017155,0.5387544802867383,0.45273288496347464
0.7509249915909856,0.5388577827547593,0.45270540902473044
0.7510931718802556,0.538961038961039,0.45267832176499706
0.7512613521695257,0.538840385045892,0.4526466570984371
0.7514295324587958,0.5387197851387645,0.45264152840516303
0.751597712748066,0.5388230029089282,0.45254320606138615
0.751765893037336,0.5389261744966443,0.4524691055564395
0.7519340733266061,0.5388056363229703,0.4524476875919675
0.7521022536158762,0.5389087656529516,0.4523912787925645
0.7522704339051464,0.5387882852671585,0.452378442395075
0.7524386141944164,0.5388913723737148,0.4523750953100225
0.7526067944836865,0.5389944134078213,0.45234201904543625
0.7527749747729566,0.5388739946380697,0.45230072105550007
0.7529431550622268,0.5387536296627206,0.4522833535270459
0.7531113353514968,0.5388566324251898,0.45227975884671356
0.7532795156407669,0.5389595891940165,0.4522477974918888
0.753447695930037,0.5390625,0.4521857470235232
0.7536158762193071,0.5391653648739121,0.4521791720406145
0.7537840565085772,0.5392681838464971,0.45212008213139043
0.7539522367978473,0.5391478920365826,0.4521187607770313
0.7541204170871174,0.5392506690454951,0.45208653303975904
0.7542885973763875,0.5393534002229654,0.452074359394957
0.7544567776656576,0.5392331698617923,0.4520652527426586
0.7546249579549277,0.5391129930911522,0.45203888150541954
0.7547931382441978,0.5389928698752228,0.4519463603657387
0.7549613185334679,0.5390955669414124,0.451927994414614
0.7551294988227379,0.5389755011135857,0.45185019819860717
0.7552976791120081,0.5388554887552883,0.45180541628055493
0.7554658594012782,0.5387355298308103,0.4517928695076274
0.7556340396905483,0.5386156243044736,0.45168697335975755
0.7558022199798183,0.5384957721406319,0.4516686547839526
0.7559704002690885,0.5383759733036707,0.45165464521833826
0.7561385805583586,0.5382562277580071,0.45158528004405163
0.7563067608476287,0.5383589059372915,0.45149542564782796
0.7564749411368987,0.5382392174299688,0.45146106033142047
0.7566431214261689,0.5381195821293621,0.4514526447017066
0.756811301715439,0.5382222222222223,0.4514394756514353
0.7569794820047091,0.5383248167073984,0.45141524083676104
0.7571476622939791,0.5382052421146157,0.4514136184387927
0.7573158425832492,0.5380857206306906,0.4513707308809881
0.7574840228725194,0.5381882770870338,0.4513700007131943
0.7576522031617894,0.5380688124306326,0.4513666912847109
0.7578203834510595,0.5381713271193964,0.45134684226068433
0.7579885637403296,0.5380519192367429,0.45133216869368
0.7581567440295998,0.5381543921916593,0.4512329774986239
0.7583249243188698,0.538035041029053,0.4511657457931609
0.7584931046081399,0.5381374722838137,0.4511603727596853
0.75866128489741,0.5382398581245843,0.45114451587900195
0.7588294651866802,0.5381205673758865,0.4511062667744149
0.7589976454759502,0.538001329492577,0.45110262625700304
0.7591658257652203,0.5378821444395215,0.4510120575976296
0.7593340060544904,0.5377630121816168,0.45098892327776624
0.7595021863437605,0.5378653675819309,0.45089942639586644
0.7596703666330306,0.5379676776621651,0.4508807558145001
0.7598385469223007,0.5378486055776892,0.4508789426670441
0.7600067272115708,0.5377295861916354,0.45086677364279176
0.7601749075008409,0.5378318584070797,0.45086106443986285
0.760343087790111,0.537712895377129,0.4508535184086328
0.7605112680793811,0.5375939849624061,0.45084132978896324
0.7606794483686512,0.5374751271280124,0.45082076047118236
0.7608476286579213,0.5373563218390804,0.4507880672715188
0.7610158089471913,0.5374585635359116,0.45074381185313184
0.7611839892364615,0.537560760053027,0.4506726547135651
0.7613521695257316,0.5376629114203667,0.4506040739199011
0.7615203498150017,0.5375441696113075,0.45057695059828484
0.7616885301042717,0.5374254802384633,0.45057585146318957
0.7618567103935419,0.5375275938189845,0.45052600635310314
0.762024890682812,0.5374089604943721,0.450486329821528
0.7621930709720821,0.5372903795233892,0.4504786886976012
0.7623612512613521,0.5373924553275976,0.45043573845896895
0.7625294315506222,0.5374944861049845,0.45037010481129625
0.7626976118398924,0.5375964718853363,0.4503516998765382
0.7628657921291625,0.5374779541446209,0.4503143576059883
0.7630339724184325,0.5375798986114172,0.4503055286962164
0.7632021527077026,0.5376817981489643,0.45025040649984793
0.7633703329969728,0.5375633399427187,0.4502440544873539
0.7635385132862429,0.5376651982378855,0.4502072648975569
0.7637066935755129,0.5375467958599427,0.4501716120932307
0.763874873864783,0.5376486129458389,0.45012983377261717
0.7640430541540532,0.5377503852080123,0.45010602171451475
0.7642112344433233,0.5376320422535211,0.45008078142328223
0.7643794147325933,0.5375137513751375,0.45004423847284547
0.7645475950218634,0.5373955125384954,0.4499804138848724
0.7647157753111335,0.5372773257092589,0.4499741002781269
0.7648839556004037,0.5373790677220757,0.44994791419916336
0.7650521358896737,0.5374807650032974,0.4499318624902573
0.7652203161789438,0.5375824175824175,0.4499293005752925
0.7653884964682139,0.5376840254889035,0.449905063201255
0.7655566767574841,0.5377855887521968,0.4499037811992095
0.7657248570467541,0.5378871074017132,0.4498890196632626
0.7658930373360242,0.5377689942907334,0.449883118590386
0.7660612176252943,0.5378704720087816,0.44984880014417866
0.7662293979145645,0.5379719051799824,0.4498150168359797
0.7663975782038345,0.5380732938336625,0.44980500268225565
0.7665657584931046,0.5379552435278631,0.4498030717320786
0.7667339387823747,0.5380565913577539,0.44974544241733105
0.7669021190716448,0.5379385964912281,0.44974103754993866
0.7670702993609149,0.53782065336549,0.44972415106790786
0.767238479650185,0.5379219640508549,0.44969847896469073
0.7674066599394551,0.5378040762656148,0.4496796443690583
0.7675748402287252,0.5379053461875548,0.44966839435445954
0.7677430205179953,0.5380065717415115,0.44966505136168394
0.7679112008072654,0.538107752956636,0.4496511377259672
0.7680793810965355,0.5379899277425005,0.4495973567730839
0.7682475613858056,0.5380910683012259,0.4495660801448412
0.7684157416750756,0.5381921645874371,0.44947141243843786
0.7685839219643458,0.5380743982494529,0.4494712385970606
0.7687521022536159,0.5381754539488077,0.4494678341591196
0.768920282542886,0.5380577427821522,0.4494640071983082
0.769088462832156,0.5379400830964356,0.4494579303683187
0.7692566431214262,0.5378224748578925,0.44944469202648774
0.7694248234106963,0.5377049180327869,0.4493073622409109
0.7695930036999664,0.5375874125874126,0.4492974643788427
0.7697611839892364,0.5374699584880926,0.4492920892041507
0.7699293642785066,0.5373525557011796,0.4492911231241765
0.7700975445677767,0.5372352041930553,0.4492655764246847
0.7702657248570468,0.537117903930131,0.4492149772145058
0.7704339051463168,0.5370006548788474,0.4492008673476364
0.770602085435587,0.5371017023134003,0.44919088445879424
0.7707702657248571,0.5372027056513201,0.4491632529428375
0.7709384460141272,0.537303664921466,0.4491530802356344
0.7711066263033972,0.5374045801526718,0.4491286338690733
0.7712748065926673,0.5372873964238988,0.4491077960729227
0.7714429868819375,0.5373882712012208,0.44904390442544106
0.7716111671712075,0.5372711421098518,0.4490100204980335
0.7717793474604776,0.5373719764654609,0.4489674888458703
0.7719475277497477,0.5374727668845316,0.44895783856357974
0.7721157080390179,0.5375735133957743,0.448923754917932
0.7722838883282879,0.5374564459930313,0.4489148663085134
0.772452068617558,0.5375571521881124,0.4488879484997577
0.7726202489068281,0.5374401393121463,0.44888635943253963
0.7727884291960982,0.537323177366703,0.4488305685277979
0.7729566094853683,0.5372062663185379,0.4488096237153911
0.7731247897746384,0.5370894061344355,0.4487754270919609
0.7732929700639085,0.5369725967812092,0.44872241747158526
0.7734611503531786,0.5368558382257013,0.44866311504854295
0.7736293306424487,0.5367391304347826,0.4486301516168849
0.7737975109317188,0.5368398174309933,0.4485733336889261
0.7739656912209889,0.536723163841808,0.4485518811931465
0.774133871510259,0.5366065609385183,0.4485034884519319
0.774302051799529,0.5367072111207646,0.44849822469586165
0.7744702320887992,0.5365906623235613,0.4484924445912578
0.7746384123780693,0.5364741641337386,0.4484609039802004
0.7748065926673394,0.5363577165183416,0.44845254050794714
0.7749747729566094,0.5362413194444444,0.4484504724593621
0.7751429532458796,0.5361249728791495,0.44844154558721483
0.7753111335351497,0.5362255965292841,0.44843514976338195
0.7754793138244198,0.5361093038386467,0.44840981530322116
0.7756474941136898,0.5362098872506504,0.44839978440435474
0.77581567440296,0.536093648384999,0.4483147764019512
0.7759838546922301,0.5359774599046381,0.4483051211474473
0.7761520349815002,0.5358613217768148,0.448285394546663
0.7763202152707702,0.5359618717504333,0.44803049746555124
0.7764883955600403,0.5358457873077757,0.4479621253634209
0.7766565758493105,0.535946297098311,0.44792111385450756
0.7768247561385806,0.5358302662914051,0.4478875110301398
0.7769929364278506,0.5359307359307359,0.4478239996013085
0.7771611167171207,0.5360311620861286,0.44761230281793807
0.7773292970063909,0.5359151882302033,0.44754620871582473
0.777497477295661,0.536015574302401,0.4475314554828301
0.777665657584931,0.5358996539792388,0.447531013825765
0.7778338378742011,0.536,0.447529552925376
0.7780020181634713,0.5358841331603977,0.4475248367051554
0.7781701984527414,0.5357683164037174,0.4475161806337935
0.7783383787420114,0.5356525496974935,0.44738861918416684
0.7785065590312815,0.5355368330092892,0.44729709671994966
0.7786747393205516,0.5354211663066955,0.4472786482124283
0.7788429196098218,0.535305549557331,0.4472547734412615
0.7790110998990918,0.5351899827288429,0.44717451493628707
0.7791792801883619,0.5350744657889057,0.4471686775933764
0.779347460477632,0.5351747949935262,0.4471588276947872
0.7795156407669022,0.535059331175836,0.4471511226607685
0.7796838210561722,0.5351596203623814,0.4471233643717702
0.7798520013454423,0.5350442096182877,0.4471214544229617
0.7800201816347124,0.5351444588184562,0.4470875216553994
0.7801883619239826,0.5350291010993748,0.44707869376920506
0.7803565422132526,0.5351293103448276,0.4470582222356909
0.7805247225025227,0.535229476405947,0.44704463788503535
0.7806929027917928,0.5351141749246014,0.44704150764062967
0.780861083081063,0.5349989231100581,0.4470218105782974
0.781029263370333,0.5348837209302325,0.44697458739960505
0.7811974436596031,0.5347685683530679,0.4469350925533776
0.7813656239488732,0.5346534653465347,0.4469322140852482
0.7815338042381433,0.5347536044760061,0.44692398791023313
0.7817019845274134,0.5346385542168675,0.446852165814248
0.7818701648166835,0.5345235534523554,0.4468374291547217
0.7820383451059536,0.5346236559139785,0.44683591842487014
0.7822065253952237,0.5347237153300366,0.4468268469648645
0.7823747056844937,0.5346087704213242,0.4468212665558707
0.7825428859737639,0.5344938749194068,0.4468212435201285
0.782711066263034,0.5343790287924366,0.4468127245816046
0.7828792465523041,0.534264232008593,0.4467802967987825
0.7830474268415741,0.5341494845360825,0.4466332358207752
0.7832156071308443,0.5342495168563453,0.4466266166906956
0.7833837874201144,0.534349506225848,0.4466166275839105
0.7835519677093845,0.5342348143378407,0.4466086204375491
0.7837201479986545,0.5343347639484979,0.4465999616545613
0.7838883282879247,0.5342201244368161,0.44648964181932543
0.7840565085771948,0.5343200343200343,0.44643428902895604
0.7842246888664649,0.5342054471370362,0.44640107135181656
0.7843928691557349,0.5340909090909091,0.4463837782361382
0.784561049445005,0.5339764201500536,0.446343143845929
0.7847292297342752,0.534076296613802,0.44630008560422785
0.7848974100235453,0.5339618598671524,0.44622506913324356
0.7850655903128153,0.5338474721508141,0.44617894494508714
0.7852337706020854,0.5337331334332833,0.44613470195257293
0.7854019508913556,0.5336188436830835,0.44609726554668583
0.7855701311806257,0.5335046028687647,0.4460793141380345
0.7857383114698957,0.5336044520547946,0.44607828212833794
0.7859064917591658,0.5334902632142093,0.4460529971548734
0.786074672048436,0.5333761232349166,0.4460521061699312
0.786242852337706,0.533475935828877,0.44604881057999124
0.7864110326269761,0.5333618477331052,0.4459600429813853
0.7865792129162462,0.5332478084242035,0.44591225713167454
0.7867473932055163,0.533347584437794,0.4459030842740003
0.7869155734947864,0.5332335969224193,0.4458888616926796
0.7870837537840565,0.5331196581196581,0.44587797497902726
0.7872519340733266,0.533219397564623,0.44569226125814965
0.7874201143625967,0.5331055104656129,0.4456456682359543
0.7875882946518667,0.5329916720051249,0.44564304963747514
0.7877564749411369,0.5330913748932536,0.44561311833694617
0.787924655230407,0.5331910352187833,0.4455293962897082
0.7880928355196771,0.5332906530089628,0.44552859976619785
0.7882610158089471,0.5331768721997013,0.44552432661184393
0.7884291960982173,0.5330631399317406,0.44545596261816284
0.7885973763874874,0.5329494561740243,0.44545332483611055
0.7887655566767575,0.5328358208955224,0.4453808405234295
0.7889337369660275,0.5327222340652313,0.44537364615053215
0.7891019172552977,0.532608695652174,0.44531908767562633
0.7892700975445678,0.5327082889409759,0.44531839474617607
0.7894382778338379,0.5325948018747337,0.44531772113671186
0.7896064581231079,0.5326943556975506,0.4452623950681394
0.789774638412378,0.532793867120954,0.4452397347666793
0.7899428187016482,0.5326804343197786,0.44520475806785326
0.7901109989909183,0.5325670498084292,0.44512624103929177
0.7902791792801883,0.5324537135560757,0.4450935404672117
0.7904473595694584,0.5325531914893618,0.44506966267677145
0.7906155398587286,0.532439906402893,0.4450612635170238
0.7907837201479987,0.5325393449595917,0.44502818771378133
0.7909519004372687,0.5324261109929832,0.4449577774622435
0.7911200807265388,0.5325255102040817,0.4449472891329171
0.791288261015809,0.5326248671625929,0.4448801679108211
0.7914564413050791,0.5327241818954526,0.44487191709197627
0.7916246215943491,0.5326110048863395,0.4448165310858817
0.7917928018836192,0.5324978759558199,0.4448158807695154
0.7919609821728893,0.5325971543852198,0.44479284900133315
0.7921291624621595,0.532484076433121,0.44479056807330136
0.7922973427514295,0.5325833156442369,0.4447641369577948
0.7924655230406996,0.5324702886247877,0.44475482205137856
0.7926337033299697,0.5325694886484192,0.4447537831742983
0.7928018836192399,0.5324565125159101,0.444722718055081
0.7929700639085099,0.5323435843054083,0.4446581719564262
0.79313824419778,0.5322307039864291,0.4446509082660148
0.7933064244870501,0.5321178715285139,0.44450225222063183
0.7934746047763203,0.5322170411191183,0.4444999506652445
0.7936427850655903,0.532316168679805,0.4444815425680018
0.7938109653548604,0.5324152542372881,0.4444659880931613
0.7939791456441305,0.5325142978182589,0.4442794124439552
0.7941473259334006,0.5324015247776366,0.4442009390388061
0.7943155062226707,0.5322887994918484,0.4441855197166118
0.7944836865119408,0.5321761219305673,0.4441154775027444
0.7946518668012109,0.5322751322751322,0.44410073201199163
0.794820047090481,0.5323741007194245,0.4440993926121525
0.7949882273797511,0.532473027290036,0.4440778049193969
0.7951564076690212,0.5323604060913706,0.4440467136513123
0.7953245879582913,0.5322478325227321,0.44402470324706195
0.7954927682475614,0.5321353065539112,0.44398907358162853
0.7956609485368314,0.5320228281547241,0.443974731694728
0.7958291288261016,0.5319103972950127,0.4439554971257962
0.7959973091153717,0.532009296429326,0.44394313476275726
0.7961654894046418,0.5318969159273341,0.4439426887671776
0.7963336696939118,0.5317845828933474,0.443925080145037
0.796501849983182,0.5316722972972973,0.4439203550108345
0.7966700302724521,0.5315600591091408,0.44389454911860693
0.7968382105617222,0.5316589278176446,0.4437930353408181
0.7970063908509922,0.5317577548005908,0.44378833098455883
0.7971745711402624,0.5316455696202531,0.44372714155674725
0.7973427514295325,0.5315334317654503,0.4436772009488804
0.7975109317188026,0.5314213412062421,0.4436766779268645
0.7976791120080726,0.5315201349356947,0.4436747825944243
0.7978472922973427,0.531618887015177,0.44366651433779786
0.7980154725866129,0.5315068493150685,0.4436374305311909
0.798183652875883,0.5316055625790139,0.443622273401386
0.798351833165153,0.5317042342532126,0.4435511977107329
0.7985200134544231,0.531592249368155,0.4435491416626194
0.7986881937436933,0.5316908822910086,0.44353682129784355
0.7988563740329634,0.531578947368421,0.4435184927063095
0.7990245543222334,0.5316775415701958,0.44348748429562945
0.7991927346115035,0.5317760942760943,0.4433411015438474
0.7993609149007737,0.531874605512308,0.4433131355661597
0.7995290951900438,0.5317627261253681,0.44326127438259166
0.7996972754793138,0.5316508937960042,0.4432187636830662
0.7998654557685839,0.5315391084945332,0.44320003978350575
0.800033636057854,0.531427370191297,0.44318724744020127
0.8002018163471241,0.5315258511979823,0.44317120982036134
0.8003699966363942,0.5314141626392099,0.4431152762733116
0.8005381769256643,0.5313025210084034,0.4431086971201368
0.8007063572149344,0.5314009661835749,0.4430528521310646
0.8008745375042045,0.5312893742125158,0.4430484452130923
0.8010427177934746,0.5311778290993071,0.44302656723995476
0.8012108980827447,0.5310663308144417,0.4430135898823795
0.8013790783720148,0.5311647429171039,0.44297279386872934
0.8015472586612848,0.5312631137221989,0.4429690168961846
0.801715438950555,0.5311516677155443,0.44295300926738346
0.8018836192398251,0.5310402684563759,0.4429378421139548
0.8020517995290952,0.5309289159152862,0.44292928503769124
0.8022199798183652,0.5310272536687631,0.442890344193686
0.8023881601076354,0.5311255501991197,0.4428679823780862
0.8025563403969055,0.5312238055322716,0.44286381720343004
0.8027245206861756,0.531112507856694,0.4428451139045251
0.8028927009754456,0.5310012568077084,0.44283386589318974
0.8030608812647158,0.5310994764397906,0.4428044825205021
0.8032290615539859,0.5311976549413735,0.44278759657489647
0.803397241843256,0.5310864559346871,0.4427731847861086
0.803565422132526,0.530975303474257,0.44275974956016007
0.8037336024217961,0.5308641975308642,0.44272472289269515
0.8039017827110663,0.5307531380753138,0.4427190658948878
0.8040699630003364,0.5306421250784354,0.44265749938480126
0.8042381432896064,0.5305311585110832,0.4425705662222116
0.8044063235788765,0.5304202383441354,0.4425482242303986
0.8045745038681467,0.530309364548495,0.44253441835743884
0.8047426841574168,0.5301985370950888,0.44230620178512425
0.8049108644466868,0.5300877559548683,0.4422627946080663
0.8050790447359569,0.5299770210988093,0.44209540749629683
0.805247225025227,0.5300751879699248,0.4420368407081327
0.8054154053144972,0.5299645019837127,0.4419902449634247
0.8055835856037672,0.5298538622129436,0.4419546853090963
0.8057517658930373,0.5299519933208099,0.44195448102295626
0.8059199461823074,0.5300500834724541,0.44195277208946543
0.8060881264715776,0.5301481326935114,0.4419404748944757
0.8062563067608476,0.5302461410095953,0.4418911436766658
0.8064244870501177,0.5303441084462982,0.4418654805576777
0.8065926673393878,0.5302335279399499,0.44186349584113344
0.806760847628658,0.5301229935376277,0.4418594106892042
0.806929027917928,0.5300125052105044,0.44183065310433184
0.8070972082071981,0.529902062929777,0.44178821533676077
0.8072653884964682,0.5297916666666667,0.4417209140081662
0.8074335687857384,0.5296813163924182,0.4417203896843326
0.8076017490750084,0.5295710120783007,0.44171859391912405
0.8077699293642785,0.5296689569019363,0.441691152123632
0.8079381096535486,0.5295587010824313,0.44166433289595636
0.8081062899428187,0.5296566077003122,0.44160026030774124
0.8082744702320888,0.5295464003329172,0.441598600131412
0.8084426505213589,0.5294362388183899,0.441569712519484
0.808610830810629,0.5293261231281198,0.44156894435796346
0.8087790110998991,0.5292160532335205,0.4415382355614412
0.8089471913891692,0.5293139293139293,0.44149382278230176
0.8091153716784393,0.5292039077114945,0.44149022632041873
0.8092835519677094,0.529093931837074,0.4414469079875652
0.8094517322569795,0.5291917722833991,0.4414227688756383
0.8096199125462495,0.5290818446198587,0.4414116580358254
0.8097880928355197,0.5289719626168224,0.4413691506101316
0.8099562731247898,0.5288621262458472,0.4413671552182816
0.8101244534140599,0.5287523354785136,0.44127405412210247
0.8102926337033299,0.5288501452885015,0.4411905362704534
0.8104608139926001,0.5287404025731479,0.4411713474131377
0.8106289942818702,0.5286307053941909,0.4411622687520298
0.8107971745711403,0.5285210537232939,0.4410634599752396
0.8109653548604103,0.5284114475321443,0.4410512316019438
0.8111335351496805,0.5283018867924528,0.4409393357492501
0.8113017154389506,0.5281923714759535,0.440877113145299
0.8114698957282207,0.5282901554404145,0.4408701483628068
0.8116380760174907,0.5281806879403232,0.4408324643385644
0.8118062563067608,0.528071265796561,0.4408318255288007
0.811974436596031,0.528169014084507,0.44077068700178845
0.8121426168853011,0.5280596396769518,0.4406895039222706
0.8123107971745711,0.5281573498964803,0.4406622428987387
0.8124789774638412,0.5280480231836059,0.44063489372203735
0.8126471577531114,0.5281456953642384,0.44054331197268315
0.8128153380423815,0.5280364163045728,0.44048119357756177
0.8129835183316515,0.5281340504757964,0.440467250667306
0.8131516986209216,0.5280248190279214,0.44044840398303087
0.8133198789101918,0.5279156327543424,0.4404255464128867
0.8134880591994619,0.5278064916270415,0.4403678888033872
0.8136562394887319,0.527697395618024,0.4403147429265075
0.813824419778002,0.527588344699318,0.4403002661291592
0.8139926000672721,0.5274793388429752,0.44024030561569943
0.8141607803565423,0.52737037802107,0.44019881642133113
0.8143289606458123,0.5272614622057001,0.4401385380190209
0.8144971409350824,0.5271525913689862,0.4401287231657992
0.8146653212243525,0.5270437654830719,0.440070034958274
0.8148335015136225,0.5271413828689371,0.44004225599521674
0.8150016818028927,0.5270326042096575,0.4399836024841628
0.8151698620921628,0.5269238704353209,0.43995513962003574
0.8153380423814329,0.5268151815181518,0.4399414584525634
0.8155062226707029,0.526706537430398,0.43994000550830903
0.8156744029599731,0.5268041237113402,0.439925987444351
0.8158425832492432,0.5269016697588126,0.43991787638397534
0.8160107635385133,0.52679307502061,0.43989637206658033
0.8161789438277833,0.5266845250360601,0.4398306700056728
0.8163471241170535,0.526782035434693,0.43982692696537906
0.8165153044063236,0.5266735324407827,0.43978045044221425
0.8166834846955937,0.5265650741350906,0.4397511061918399
0.8168516649848637,0.5266625488984971,0.43974132895237655
0.8170198452741338,0.5267599835323178,0.43972909881849337
0.817188025563404,0.5266515743980242,0.4397244797506861
0.8173562058526741,0.5267489711934157,0.43969175417758527
0.8175243861419441,0.5266406089282041,0.4396751402211252
0.8176925664312142,0.5267379679144385,0.43959726093756446
0.8178607467204844,0.5266296524778943,0.43957192808119594
0.8180289270097545,0.5265213815789473,0.43955925319510425
0.8181971072990245,0.5264131551901337,0.4395522263728894
0.8183652875882946,0.5265104808877928,0.43949985171557987
0.8185334678775648,0.5266077665913294,0.43947982194877866
0.8187016481668349,0.5264995891536566,0.43946987753028977
0.8188698284561049,0.5263914561511605,0.439467148650245
0.819038008745375,0.5262833675564682,0.43935225733993394
0.8192061890346451,0.5261753233422295,0.43932609358673963
0.8193743693239153,0.5260673234811166,0.43929417341838856
0.8195425496131853,0.5261645803406526,0.4392209129218443
0.8197107299024554,0.5260566270004103,0.4392176788208826
0.8198789101917255,0.525948717948718,0.43920788851221393
0.8200470904809957,0.5260459392945037,0.43916645230679924
0.8202152707702657,0.5259380766864876,0.43915912545684954
0.8203834510595358,0.5260352603526035,0.43912399175241495
0.8205516313488059,0.5261324041811847,0.4390282284844245
0.8207198116380761,0.5262295081967213,0.4390278222183599
0.8208879919273461,0.5261216963736939,0.4389943058980113
0.8210561722166162,0.5260139287177387,0.43898367631349516
0.8212243525058863,0.5259062052017203,0.4388789491702568
0.8213925327951564,0.5257985257985258,0.4388684986790733
0.8215607130844265,0.5256908904810644,0.43886654473491993
0.8217288933736966,0.5255832992222677,0.43874221814090064
0.8218970736629667,0.5256803765091058,0.43872920933164894
0.8220652539522368,0.5255728314238952,0.4387270858564051
0.8222334342415069,0.5254653303334015,0.4386713479336496
0.822401614530777,0.5255623721881391,0.4386418646218618
0.8225697948200471,0.5254549171948477,0.43862207843160744
0.8227379751093172,0.5253475061324612,0.43861632386463606
0.8229061553985872,0.5254445125689761,0.43861481587553147
0.8230743356878574,0.5255414793624846,0.4385580649380985
0.8232425159771275,0.5256384065372829,0.43854912937175067
0.8234106962663976,0.5257352941176471,0.43852556415334465
0.8235788765556676,0.5256279354706963,0.43851391426992925
0.8237470568449378,0.5255206206614945,0.4384825539112533
0.8239152371342079,0.525617472953664,0.4384055346030039
0.824083417423478,0.5255102040816326,0.43831795602873813
0.824251597712748,0.5256070189757193,0.4383044132646428
0.8244197780020182,0.525499796001632,0.4382857984751536
0.8245879582912883,0.5253926167652457,0.43825604915453564
0.8247561385805584,0.5252854812398042,0.43825150649264893
0.8249243188698284,0.5251783893985729,0.4382443959831601
0.8250924991590985,0.525071341214839,0.4381552533532931
0.8252606794483687,0.5249643366619116,0.43813403718978133
0.8254288597376388,0.5248573757131214,0.4380944250838094
0.8255970400269088,0.5247504583418211,0.43798923002672013
0.8257652203161789,0.5246435845213849,0.4379613985858867
0.8259334006054491,0.5247403787416005,0.43795284448450644
0.8261015808947192,0.5246335504885994,0.4379498248159097
0.8262697611839892,0.5245267657235905,0.43792012053275436
0.8264379414732593,0.5246235246235246,0.4378431562747621
0.8266061217625295,0.5245167853509665,0.43780120500458813
0.8267743020517996,0.5244100895036615,0.4377599635627062
0.8269424823410696,0.524303437055115,0.4377524901353119
0.8271106626303397,0.5244001626677511,0.43768368949610714
0.8272788429196098,0.5242935556007319,0.4375951492564473
0.82744702320888,0.5241869918699187,0.4375804981694354
0.82761520349815,0.5240804714488925,0.43756235059948007
0.8277833837874201,0.5241771637545714,0.43755735727639744
0.8279515640766902,0.5240706886045094,0.43753245036722405
0.8281197443659604,0.5241673436230707,0.4375194729855181
0.8282879246552304,0.5242639593908629,0.4375123848765908
0.8284561049445005,0.5241575314656922,0.4375116633139504
0.8286242852337706,0.5242541100060889,0.43747717231566247
0.8287924655230406,0.5241477272727273,0.43746337051204387
0.8289606458123108,0.524041387705417,0.4374100986087056
0.8291288261015809,0.5241379310344828,0.43738658278203174
0.829297006390851,0.5240316365848712,0.4373605034520069
0.829465186680121,0.5239253852392538,0.4373390640634749
0.8296333669693912,0.523819176971417,0.4373262168513481
0.8298015472586613,0.5239156870693149,0.4373101811183507
0.8299697275479314,0.5238095238095238,0.43722106565156177
0.8301379078372014,0.5237034035656402,0.437190639584921
0.8303060881264716,0.5237998784687057,0.4371688597548074
0.8304742684157417,0.5236938031591738,0.43716434364654533
0.8306424487050118,0.5235877708038065,0.43715648202283786
0.8308106289942818,0.5236842105263158,0.4371465655948073
0.830978809283552,0.5237806112123052,0.43714623329666374
0.8311469895728221,0.5236746256576285,0.4371165097695914
0.8313151698620922,0.5237709892777666,0.436987171853647
0.8314833501513622,0.5238673139158576,0.436957634431864
0.8316515304406323,0.523963599595551,0.4369567654471495
0.8318197107299025,0.5238576627577841,0.4369485663389796
0.8319878910191726,0.5239539114614918,0.43691800111191714
0.8321560713084426,0.5240501212611156,0.43690926703953753
0.8323242515977127,0.5239442311578096,0.4368543580612406
0.8324924318869829,0.5238383838383839,0.43685223482712277
0.832660612176253,0.5237325792769137,0.43684721707119545
0.832828792465523,0.5238287560581584,0.43683566498040904
0.8329969727547931,0.523722996163941,0.43669121280675943
0.8331651530440632,0.5238191360516754,0.43667608617572207
0.8333333333333334,0.5237134207870837,0.43665651033289277
0.8335015136226034,0.5238095238095238,0.43654283649261244
0.8336696939118735,0.523703853136978,0.4365400882045845
0.8338378742011436,0.5237999193223074,0.436536356683622
0.8340060544904138,0.5236942932042751,0.4365265138016889
0.8341742347796838,0.5237903225806452,0.43651324564120664
0.8343424150689539,0.5236847409796412,0.4365000986845501
0.834510595358224,0.5237807335751713,0.43649255815042065
0.8346787756474942,0.5236751964537578,0.43648958078472294
0.8348469559367642,0.5235697018533441,0.4364714076487046
0.8350151362260343,0.5236656596173213,0.4364585284038918
0.8351833165153044,0.5235602094240838,0.43640071479752357
0.8353514968045745,0.5234548016911617,0.4363755968241915
0.8355196770938446,0.5235507246376812,0.4363687011848877
0.8356878573831147,0.5236466089756491,0.43635372217349866
0.8358560376723848,0.5235412474849095,0.43633587656206785
0.8360242179616549,0.523637095151881,0.4363217889813942
0.836192398250925,0.5235317779565567,0.4363011959543425
0.8363605785401951,0.5234265031168309,0.4362899145779542
0.8365287588294652,0.5235223160434258,0.43628559984130333
0.8366969391187353,0.5234170854271357,0.4362771290472731
0.8368651194080053,0.5235128617363344,0.43623880815951943
0.8370332996972755,0.5234076753064095,0.43618893374125856
0.8372014799865456,0.5235034150261149,0.43607009640375827
0.8373696602758157,0.5235991162884114,0.43602689517965854
0.8375378405650857,0.5236947791164659,0.43601436474172045
0.8377060208543559,0.523790403533427,0.4360021527701251
0.837874201143626,0.5236852669610598,0.4359260470015175
0.8380423814328961,0.5237808549066827,0.4358837935196578
0.8382105617221661,0.523876404494382,0.43587823138844256
0.8383787420114363,0.5237713139418255,0.43585205428160595
0.8385469223007064,0.5238668271159246,0.4358504701375328
0.8387151025899765,0.5239623019851615,0.43584614463756705
0.8388832828792465,0.5240577385725742,0.4358129458587873
0.8390514631685166,0.5239526959310483,0.43576620040417435
0.8392196434577868,0.5240480961923848,0.4357164895704658
0.8393878237470569,0.5239430975756362,0.4357149498481443
0.8395560040363269,0.5240384615384616,0.4356773119540845
0.839724184325597,0.5239335069096736,0.4356529632762748
0.8398923646148672,0.5240288346015218,0.4356445932652299
0.8400605449041373,0.523923923923924,0.4356258969921273
0.8402287251934073,0.5238190552441954,0.43561934013875164
0.8403969054826774,0.5237142285371222,0.4355758260580475
0.8405650857719476,0.5238095238095238,0.43557290892324757
0.8407332660612177,0.5237047409481896,0.4355004709150459
0.8409014463504877,0.5236,0.4354789979602592
0.8410696266397578,0.523495300939812,0.4354086579179561
0.8412378069290279,0.5235905637744902,0.43540724302232814
0.8414059872182981,0.5236857885268839,0.4354007091744505
0.8415741675075681,0.5235811350919265,0.43539001500161045
0.8417423477968382,0.5234765234765235,0.4353458097532233
0.8419105280861083,0.5235717139432681,0.43533827337487063
0.8420787083753785,0.5236668663870582,0.4352725309842061
0.8422468886646485,0.5235623003194888,0.4352545077285152
0.8424150689539186,0.5234577760031942,0.4352343534943668
0.8425832492431887,0.5235528942115768,0.4351699041480401
0.8427514295324589,0.5236479744561964,0.4351449231714489
0.8429196098217289,0.5237430167597765,0.43511267784814417
0.843087790110999,0.5236385397965291,0.43510188689859114
0.8432559704002691,0.5237335460710012,0.4350910886253825
0.8434241506895391,0.5238285144566301,0.4350795699680031
0.8435923309788093,0.5237240829346093,0.4350506061459733
0.8437605112680794,0.5236196930436516,0.4350113308429803
0.8439286915573495,0.5237146273415704,0.4349639133305513
0.8440968718466195,0.5236102809324567,0.4349208110390108
0.8442650521358896,0.5237051792828685,0.43491890069800204
0.8444332324251598,0.5236008763194583,0.43491728745797653
0.8446014127144299,0.5234966148944643,0.4349143685416834
0.8447695930036999,0.5235914791956998,0.43484302513435547
0.84493777329297,0.5234872611464968,0.43477950988370406
0.8451059535822402,0.5235820895522388,0.4347739490872104
0.8452741338715103,0.5234779148428174,0.4347455043182643
0.8454423141607803,0.5235727073801472,0.4347218572740229
0.8456104944500504,0.523667462211615,0.4347114801344799
0.8457786747393206,0.5237621793597137,0.4346610471809058
0.8459468550285907,0.5236580516898608,0.4346469189314066
0.8461150353178607,0.5237527330550587,0.4346420756829558
0.8462832156071308,0.5238473767885533,0.4345273191604133
0.846451395896401,0.5239419829127757,0.43451627070695986
0.8466195761856711,0.524036551450139,0.43450608895561116
0.8467877564749411,0.5239324726911618,0.4344707232114026
0.8469559367642112,0.5238284352660842,0.43445248494821886
0.8471241170534813,0.5237244391502879,0.43441096033991594
0.8472922973427515,0.5238189757840412,0.4343879540860173
0.8474604776320215,0.5237150228219885,0.4343516094567475
0.8476286579212916,0.5238095238095238,0.43431105538818354
0.8477968382105617,0.523705613965483,0.43428901237956946
0.8479650184998319,0.5236017453391512,0.43427715657835925
0.8481331987891019,0.5234979179060083,0.4342751661950319
0.848301379078372,0.5235923869944489,0.4342430230540296
0.8484695593676421,0.5236868186323093,0.4342267255866552
0.8486377396569122,0.5235830360681728,0.43421550239187545
0.8488059199461823,0.5236774321379037,0.4342019568005926
0.8489741002354524,0.5235736925515055,0.43419278798165006
0.8491422805247225,0.5236680530798178,0.434192386176858
0.8493104608139926,0.5237623762376238,0.4341603180279817
0.8494786411032627,0.523658681449218,0.43415115982579067
0.8496468213925328,0.5237529691211401,0.4341324777040504
0.8498150016818029,0.52384721947358,0.4341186838804395
0.849983181971073,0.5239414325286902,0.43411574120323243
0.850151362260343,0.523837784371909,0.43411214558013006
0.8503195425496132,0.5237341772151899,0.43410773070264086
0.8504877228388833,0.523828356733241,0.43406862523414036
0.8506559031281534,0.523922499011467,0.43403319198542745
0.8508240834174234,0.523818936548725,0.43399316366402174
0.8509922637066936,0.5237154150197628,0.4339885935312197
0.8511604439959637,0.5236119344003162,0.43396896378250654
0.8513286242852338,0.5235084946661399,0.4339586861625376
0.8514968045745038,0.5236026071499111,0.43394157623971974
0.851664984863774,0.5234992101105845,0.4338562216822022
0.8518331651530441,0.523395853899309,0.4338438444788419
0.8520013454423142,0.5232925384919068,0.43380252832695637
0.8521695257315842,0.5231892638642195,0.43376537358519934
0.8523377060208543,0.5232833464877664,0.43373106703374553
0.8525058863101245,0.5233773919905307,0.4335036663842619
0.8526740665993946,0.5232741617357002,0.4334895106134189
0.8528422468886646,0.5233681719581936,0.433487009173428
0.8530104271779347,0.5234621451104101,0.43343595567326987
0.8531786074672049,0.5235560812142717,0.4333373235434959
0.853346787756475,0.5234528971225857,0.4333201228786906
0.853514968045745,0.5235467980295566,0.4333132431854471
0.8536831483350151,0.5234436564223798,0.43329188144215336
0.8538513286242853,0.5235375221587552,0.4332907404801887
0.8540195089135554,0.5236313509255612,0.43313272669075636
0.8541876892028254,0.5237251427446348,0.4331079478042512
0.8543558694920955,0.5236220472440944,0.43310579819949613
0.8545240497813656,0.5237158039755954,0.4331011075613839
0.8546922300706358,0.5236127508854782,0.43307719178699755
0.8548604103599058,0.5235097383434979,0.4330687566958103
0.8550285906491759,0.5234067663257278,0.43305437095505317
0.855196770938446,0.5233038348082596,0.4329003850851934
0.8553649512277162,0.523200943767204,0.4328943392733397
0.8555331315169862,0.5230980931786908,0.4328603371270827
0.8557013118062563,0.523191823899371,0.43285395957489764
0.8558694920955264,0.5230890155236785,0.43284358736249895
0.8560376723847966,0.5229862475442043,0.4327955440318203
0.8562058526740666,0.5230799450009821,0.43275676944484565
0.8563740329633367,0.5229772191673213,0.43275093222876077
0.8565422132526068,0.5228745336736698,0.4327104915065615
0.856710393541877,0.5227718884962701,0.4326929687066222
0.856878573831147,0.5228655544651619,0.43267370563500085
0.8570467541204171,0.5227629513343799,0.43266502064222057
0.8572149344096872,0.5228565823033157,0.4326289006650085
0.8573831146989572,0.5229501765398196,0.4326043861595382
0.8575512949882274,0.5230437340655031,0.43256307614232525
0.8577194752774975,0.5229411764705882,0.432541374744308
0.8578876555667676,0.5228386590864537,0.4324918493724485
0.8580558358560376,0.5229321834574676,0.4324543124445011
0.8582240161453077,0.5228297080148931,0.43244096052552583
0.8583921964345779,0.5227272727272727,0.4323452176336364
0.858560376723848,0.5226248775710088,0.4323386559825501
0.858728557013118,0.5227183705444575,0.43228766039420097
0.8588967373023881,0.5228118269042491,0.43223604632417006
0.8590649175916583,0.5227094753328113,0.43221581901556355
0.8592330978809284,0.5228028968486984,0.4321902218483295
0.8594012781701984,0.5227005870841487,0.43218963136431005
0.8595694584594685,0.5225983173547251,0.4321873523120507
0.8597376387487387,0.5226917057902973,0.43214030236437906
0.8599058190380088,0.5227850576960689,0.4321260544187965
0.8600739993272788,0.522878373093469,0.43210004592035905
0.8602421796165489,0.52297165200391,0.43208197636782364
0.860410359905819,0.5230648944487881,0.4320637436072728
0.8605785401950892,0.5229626734414696,0.43204537245459107
0.8607467204843592,0.5228604923798359,0.43202809673243864
0.8609149007736293,0.5227583512404766,0.43202512924143166
0.8610830810628994,0.5228515625,0.4320237824735849
0.8612512613521696,0.5227494629955087,0.4320075237494858
0.8614194416414396,0.5228426395939086,0.43194616677110054
0.8615876219307097,0.5227405816904158,0.4318993590628188
0.8617558022199798,0.5226385636221702,0.4318788524896586
0.86192398250925,0.5227317073170732,0.4318169201800268
0.86209216279852,0.5226297307842372,0.43181159446036527
0.8622603430877901,0.5225277940315974,0.43180940401574913
0.8624285233770602,0.5224258970358814,0.4317996465683697
0.8625967036663303,0.5225190095535192,0.4317736295956045
0.8627648839556004,0.5224171539961013,0.4317637080184924
0.8629330642448705,0.5223153381407133,0.43170950495688126
0.8631012445341406,0.5222135619641465,0.4316923641425238
0.8632694248234107,0.5223066432885253,0.4316667703931449
0.8634376051126808,0.5222049084534476,0.43165676651013973
0.8636057854019509,0.5222979552093476,0.43160377686210266
0.863773965691221,0.522196261682243,0.4315996121329887
0.8639421459804911,0.5220946077477127,0.43159958877753507
0.8641103262697611,0.5219929933826392,0.43158839034800883
0.8642785065590313,0.5220860089511579,0.4315463211019765
0.8644466868483014,0.5219844357976654,0.43153349907896676
0.8646148671375715,0.521882902159113,0.4315241740697002
0.8647830474268415,0.5217814080124465,0.431523211731418
0.8649512277161117,0.5218743923779895,0.43148000394940206
0.8651194080053818,0.5217729393468118,0.43145557879022756
0.8652875882946519,0.5216715257531584,0.4314309406745737
0.8654557685839219,0.5217644772638943,0.4313400690028473
0.865623948873192,0.5216631047211968,0.43132818435134557
0.8657921291624622,0.5215617715617715,0.43116802446560465
0.8659603094517323,0.5214604777626723,0.43114824499503124
0.8661284897410023,0.5213592233009708,0.43106019872477186
0.8662966700302724,0.5212580081537566,0.4310124794661953
0.8664648503195426,0.5213509316770186,0.4310018123621689
0.8666330306088127,0.5212497574228605,0.4309209460612501
0.8668012108980827,0.5211486224291813,0.4308990034597361
0.8669693911873528,0.5210475266731329,0.43087118406107094
0.867137571476623,0.5211404189294027,0.4308591990758384
0.8673057517658931,0.5210393639713011,0.43079251523595935
0.8674739320551631,0.521132221791392,0.43074715479708603
0.8676421123444332,0.5212250436131033,0.4307101548193961
0.8678102926337034,0.5213178294573644,0.43065577669843486
0.8679784729229735,0.5214105793450882,0.4306434399105789
0.8681466532122435,0.521309569934134,0.4305139084491963
0.8683148335015136,0.5214022854929304,0.4305120242604941
0.8684830137907837,0.5213013168086754,0.4304873479804823
0.8686511940800539,0.5213939980638915,0.4304409033433511
0.8688193743693239,0.521486643437863,0.4303769519855163
0.868987554658594,0.5213857170505128,0.43035366415092435
0.8691557349478641,0.5212848297213623,0.4303415919712623
0.8693239152371343,0.5213774424453472,0.43034021166290604
0.8694920955264043,0.5214700193423598,0.4303289341263199
0.8696602758156744,0.5213691742409592,0.4303222546340183
0.8698284561049445,0.5212683681361175,0.430278741717843
0.8699966363942147,0.5211676010052194,0.43024386028728384
0.8701648166834847,0.5210668728256668,0.4302077221215744
0.8703329969727548,0.5211594202898551,0.4301834605479897
0.8705011772620249,0.5212519319938176,0.43014152645458587
0.870669357551295,0.521344407958277,0.43010357937340893
0.8708375378405651,0.5214368482039398,0.43009866647329714
0.8710057181298352,0.5215292527514964,0.430045720525748
0.8711738984191053,0.5216216216216216,0.4300377613390664
0.8713420787083754,0.5215209419031075,0.42994920439730905
0.8715102589976454,0.5216132767271324,0.42987178928174047
0.8716784392869156,0.5215126374686475,0.42980768763511973
0.8718466195761857,0.5214120370370371,0.42979291789799107
0.8720147998654557,0.521311475409836,0.4297732331934402
0.8721829801547258,0.5214037794060933,0.42970400783625073
0.872351160443996,0.5214960478118373,0.42967747413072305
0.8725193407332661,0.5213955281418658,0.4296734574605622
0.8726875210225361,0.5212950472152631,0.4296591050510771
0.8728557013118062,0.5213872832369942,0.4296522318294254
0.8730238816010764,0.5212868426122135,0.42954708709189765
0.8731920618903465,0.5211864406779662,0.4295401273812405
0.8733602421796165,0.5212786443289043,0.4295142657864167
0.8735284224688866,0.5213708124759338,0.4294369970343724
0.8736966027581567,0.5214629451395573,0.42943295568363377
0.8738647830474269,0.5213625866050808,0.42940985372282914
0.8740329633366969,0.5212622666923225,0.42939598467590606
0.874201143625967,0.5211619853789919,0.4293128187123538
0.8743693239152371,0.5210617426428159,0.4293079100614254
0.8745375042045073,0.5211538461538462,0.42930376679797105
0.8747056844937773,0.5210536435300903,0.42927529308041007
0.8748738647830474,0.5209534794309881,0.42917105717872384
0.8750420450723175,0.5210455506438593,0.4291108501627658
0.8752102253615877,0.5209454265949269,0.429058022128761
0.8753784056508577,0.5208453410182516,0.429055112145566
0.8755465859401278,0.5209373799462159,0.42900698071029775
0.8757147662293979,0.5208373343575955,0.4289971877808542
0.875882946518668,0.5209293394777266,0.4289263668771776
0.8760511268079381,0.5210213092724131,0.4288753774652032
0.8762193070972082,0.5209213051823417,0.42880126003626984
0.8763874873864783,0.5208213394741892,0.4287907728264027
0.8765556676757484,0.5209132770529548,0.4287447677861223
0.8767238479650185,0.5208133512372913,0.42872649140557395
0.8768920282542886,0.5209052550824703,0.42870684190657626
0.8770602085435587,0.5208053691275167,0.4286153630494997
0.8772283888328288,0.5208972392638037,0.4286101270318359
0.8773965691220988,0.5207973931378187,0.42854123680868106
0.877564749411369,0.5206975852817172,0.428461810194092
0.8777329297006391,0.5205978156735007,0.4284587778126202
0.8779011099899092,0.5206896551724138,0.4283995333795775
0.8780692902791792,0.5205899253016664,0.42839043882319444
0.8782374705684494,0.5206817311374952,0.4283630789013641
0.8784056508577195,0.520773501818878,0.4283104238759625
0.8785738311469896,0.5206738131699847,0.4282345417369903
0.8787420114362596,0.5207655502392344,0.42821258885777885
0.8789101917255298,0.5208572522005358,0.4281962015435428
0.8790783720147999,0.5207576047445953,0.42818917510602167
0.87924655230407,0.5208492731446059,0.4281380130449394
0.87941473259334,0.5207496653279786,0.4281186141090432
0.8795829128826101,0.5206500956022945,0.42808659401568394
0.8797510931718803,0.5205505639457083,0.4280389846124182
0.8799192734611504,0.5206422018348624,0.42802133002893383
0.8800874537504204,0.5207338047009363,0.42797297680366087
0.8802556340396905,0.5206343141001146,0.42794130521765616
0.8804238143289607,0.5207258834765998,0.4279167769038046
0.8805919946182308,0.5208174178762414,0.4278940687326453
0.8807601749075008,0.5207179683024632,0.42781275289480597
0.8809283551967709,0.5208094692630775,0.4277595448375591
0.881096535486041,0.5209009352929949,0.4276862770216822
0.8812647157753112,0.5208015267175573,0.42767684821327917
0.8814328960645812,0.5207021560770845,0.4276762784565205
0.8816010763538513,0.5206028233498665,0.42764616783341836
0.8817692566431214,0.520694259012016,0.4276364857587486
0.8819374369323916,0.5205949656750573,0.42762628985051016
0.8821056172216616,0.5206863679694947,0.42758089336007105
0.8822737975109317,0.5205871139916126,0.4275564355037702
0.8824419778002018,0.5204878978463884,0.42752048665675946
0.882610158089472,0.5203887195121951,0.42748146720486074
0.882778338378742,0.5204800914459897,0.42746833705909115
0.8829465186680121,0.5203809523809524,0.4274614335676994
0.8831146989572822,0.5204722909921919,0.42741825677162393
0.8832828792465524,0.5203731911652704,0.4273814391193113
0.8834510595358224,0.5202741290691034,0.4273648177162397
0.8836192398250925,0.5203654358583936,0.42734806523685076
0.8837874201143626,0.520266412940057,0.4273479851016526
0.8839556004036327,0.5203576864535768,0.4273238003331634
0.8841237806929028,0.5202587026821381,0.4273066625540668
0.8842919609821729,0.5201597565614302,0.4272882250836777
0.884460141271443,0.5200608480699753,0.4272598111210006
0.8846283215607131,0.5201520912547528,0.42722786811082225
0.8847965018499832,0.5202432997528987,0.4271540460003699
0.8849646821392533,0.5201444317749905,0.42709869468684963
0.8851328624285234,0.520235607068212,0.4270852406162011
0.8853010427177935,0.5203267477203647,0.4270781816621521
0.8854692230070635,0.5202279202279202,0.42702253074882923
0.8856374032963337,0.5201291302696543,0.42693850127568483
0.8858055835856038,0.5200303778241884,0.4269345657082743
0.8859737638748738,0.5199316628701595,0.4269341398478053
0.8861419441641439,0.5200227747200608,0.42688974175811123
0.8863101244534141,0.5201138519924099,0.4268624305480468
0.8864783047426842,0.5200151773856954,0.42683632675501443
0.8866464850319542,0.5201062215477997,0.42683237029781584
0.8868146653212243,0.5200075858145269,0.4267820295658361
0.8869828456104945,0.5200985968904057,0.426776224342639
0.8871510258997646,0.52,0.42672440043504467
0.8873192061890346,0.519901440485216,0.4266825350724064
0.8874873864783047,0.5199924199355694,0.4266820157196221
0.8876555667675748,0.519893899204244,0.42662542350114496
0.887823747056845,0.5197954157984467,0.4266155118732055
0.887991927346115,0.5198863636363636,0.42661372361242694
0.8881601076353851,0.5199772770308654,0.4265974144112921
0.8883282879246552,0.5200681560015146,0.4265883792322034
0.8884964682139254,0.5201590005678591,0.42655771672487597
0.8886646485031954,0.5202498107494322,0.4264653270132867
0.8888328287924655,0.5203405865657521,0.42641695323379714
0.8890010090817356,0.5202421490730231,0.4262811756624162
0.8891691893710058,0.5201437488178551,0.42626944546129086
0.8893373696602758,0.5200453857791225,0.4262179493459932
0.8895055499495459,0.5201361315938741,0.4261818662388719
0.889673730238816,0.5200378071833648,0.4261760931896077
0.8898419105280861,0.5201285201285202,0.4261643800852727
0.8900100908173562,0.5202191987906274,0.42614522881447753
0.8901782711066263,0.5203098431891177,0.4261312826593658
0.8903464513958964,0.5202115602568946,0.4260377514470394
0.8905146316851665,0.5203021718602455,0.42597410037334393
0.8906828119744366,0.5202039274924471,0.425931895226884
0.8908509922637067,0.5201057202189919,0.42586629136486653
0.8910191725529768,0.5201963004907513,0.42579205509431756
0.8911873528422469,0.5202868465748255,0.42575086297295783
0.8913555331315169,0.520188679245283,0.425697933222741
0.8915237134207871,0.5200905489530278,0.42566936164123576
0.8916918937100572,0.5201810637495284,0.4255894582129927
0.8918600739993273,0.5200829719026966,0.42552804942280437
0.8920282542885973,0.5199849170437406,0.425523884853617
0.8921964345778675,0.5198868991517437,0.4254694702335664
0.8923646148671376,0.519977384093479,0.4253002892071937
0.8925327951564077,0.519879404560015,0.4252840917661674
0.8927009754456777,0.5199698568198945,0.42525786143222744
0.8928691557349479,0.520060275004709,0.42519197643160866
0.893037336024218,0.52015065913371,0.4250817794216329
0.8932055163134881,0.520052720768217,0.425043663775984
0.8933736966027581,0.5199548192771084,0.42503565913349023
0.8935418768920282,0.5200451722190853,0.4249952075458827
0.8937100571812984,0.5201354911554384,0.4249188607520717
0.8938782374705685,0.5202257761053621,0.4249131637751567
0.8940464177598385,0.5203160270880361,0.424843182496463
0.8942145980491086,0.5204062441226256,0.4248211358115222
0.8943827783383788,0.5203083866115081,0.4248128765740056
0.8945509586276489,0.5202105658958451,0.4247963136701187
0.8947191389169189,0.5203007518796993,0.4247447934340966
0.894887319206189,0.5202029693666604,0.4247324009567802
0.8950554994954592,0.520293122886133,0.42468285086937363
0.8952236797847293,0.5201953785459328,0.42461445711399703
0.8953918600739993,0.5200976709241172,0.42460950639919637
0.8955600403632694,0.5201877934272301,0.42460462856627323
0.8957282206525395,0.5200901239203906,0.42458123511197976
0.8958964009418097,0.5199924910831613,0.42457856813870987
0.8960645812310797,0.5200825825825826,0.42447870307943913
0.8962327615203498,0.5199849878025896,0.4244422748616629
0.8964009418096199,0.5200750469043152,0.4244312131868779
0.8965691220988901,0.5201650722190958,0.4243937609774842
0.8967373023881601,0.5202550637659414,0.4243775274079997
0.8969054826774302,0.5203450215638478,0.42437717629728583
0.8970736629667003,0.520434945631796,0.42437660135338023
0.8972418432559705,0.5203373945641987,0.42431000828173393
0.8974100235452405,0.52023988005997,0.4242673266141537
0.8975782038345106,0.5203297732808694,0.42425277089374774
0.8977463841237807,0.5202322967403522,0.42418048806176495
0.8979145644130508,0.5201348567147406,0.42412918043358633
0.8980827447023209,0.5202247191011236,0.42412797210634134
0.898250924991591,0.5201273169818386,0.42397755682905114
0.8984191052808611,0.5202171471359042,0.42397513215984506
0.8985872855701312,0.520306943664608,0.423846934856784
0.8987554658594012,0.5203967065868264,0.4238272432770005
0.8989236461486714,0.5204864359214219,0.42381587216293776
0.8990918264379415,0.5205761316872428,0.42380476813646994
0.8992600067272116,0.520478773143819,0.42378855945217364
0.8994281870164816,0.5203814510097232,0.4237877189551414
0.8995963673057518,0.5202841652645355,0.42377876164039974
0.8997645475950219,0.520373831775701,0.4237501381363379
0.899932727884292,0.5204634647729396,0.4237158629294565
0.900100908173562,0.5205530642750373,0.42359712777077413
0.9002690884628322,0.5204558191668224,0.42358318343981755
0.9004372687521023,0.520545386626821,0.42353404265027683
0.9006054490413723,0.5204481792717087,0.4235035647695766
0.9007736293306424,0.5203510082150858,0.4234007425641363
0.9009418096199125,0.520253873436625,0.4233926139003806
0.9011099899091827,0.5201567749160134,0.42337195032048375
0.9012781701984527,0.5202463146109348,0.42337083638451584
0.9014463504877228,0.5203358208955224,0.4233252401986351
0.9016145307769929,0.5204252937884724,0.4233170312820872
0.9017827110662631,0.5203282357329355,0.4232169459373774
0.9019508913555331,0.5204176766735036,0.4232048258344118
0.9021190716448032,0.5203206562266965,0.42319206243518853
0.9022872519340733,0.5202236719478098,0.42315188487142247
0.9024554322233435,0.5203130823704808,0.42313193125970927
0.9026236125126135,0.5204024594745668,0.42304127444596923
0.9027917928018836,0.5204918032786885,0.42297909306583975
0.9029599730911537,0.5203948593779102,0.42294095803039805
0.9031281533804238,0.5202979515828677,0.4228614547200687
0.9032963336696939,0.5202010798733941,0.4228574956205537
0.903464513958964,0.5202903946388682,0.4227586775748351
0.9036326942482341,0.5201935603945654,0.4225559559321621
0.9038008745375042,0.5202828433196874,0.422534961394942
0.9039690548267743,0.5203720930232558,0.4224809010405111
0.9041372351160444,0.5202752976190477,0.4224534932471846
0.9043054154053145,0.5203645155291055,0.42239373760593046
0.9044735956945846,0.5202677575306806,0.4223447854009909
0.9046417759838546,0.5201710355084588,0.42231936412517745
0.9048099562731248,0.5200743494423792,0.4223153652403989
0.9049781365623949,0.5199776993123955,0.42226706137716596
0.905146316851665,0.5198810850984764,0.4222483763633636
0.905314497140935,0.5199702767973249,0.42202650729448477
0.9054826774302052,0.5198736998514116,0.4219938771800629
0.9056508577194753,0.5199628597957289,0.42197685326526185
0.9058190380087454,0.5198663200891199,0.4219596437168714
0.9059872182980154,0.5197698162242436,0.4218279730036388
0.9061553985872856,0.5196733481811433,0.4218242955181525
0.9063235788765557,0.5197624791241418,0.4217246964078201
0.9064917591658258,0.5196660482374769,0.42170920413601826
0.9066599394550958,0.5195696531255797,0.42153539509024257
0.906828119744366,0.5196587537091988,0.42140257274181614
0.9069963000336361,0.5197478212497683,0.42131349433661086
0.9071644803229062,0.5196514645902856,0.42116867129980035
0.9073326606121762,0.519740500463392,0.42116628331889533
0.9075008409014463,0.5198295033358044,0.42110717758805744
0.9076690211907165,0.519733185102835,0.42110186740180544
0.9078372014799866,0.5196369025565024,0.42097419011843473
0.9080053817692566,0.5195406556769773,0.4209436139662267
0.9081735620585267,0.5194444444444445,0.42092279745040745
0.9083417423477969,0.5193482688391039,0.4208398289476333
0.908509922637067,0.5194372454646428,0.4208160114221451
0.908678102926337,0.5193411067925227,0.42058001160373326
0.9088462832156071,0.5192450037009623,0.42057727271325973
0.9090144635048772,0.5193339500462535,0.4205728565705908
0.9091826437941474,0.5192378838327784,0.42051678548831045
0.9093508240834174,0.5193267985944147,0.4205118696466257
0.9095190043726875,0.5194156804733728,0.4205043632179176
0.9096871846619576,0.5193196524311333,0.4204627464183852
0.9098553649512278,0.5192236598890942,0.4203934934442284
0.9100235452404978,0.5193125115505451,0.4202888865835361
0.9101917255297679,0.5192165558019216,0.420188512885173
0.910359905819038,0.5191206355071125,0.4201634676020232
0.9105280861083082,0.5190247506464721,0.42012366654192956
0.9106962663975782,0.5191135734072022,0.42006059026538156
0.9108644466868483,0.5192023633677991,0.41988373003968904
0.9110326269761184,0.5191065165220602,0.4198795349436678
0.9112008072653885,0.5190107050572167,0.41987617323807314
0.9113689875546586,0.5190994648459125,0.41985438047475665
0.9115371678439287,0.5190036900369004,0.41983603372828626
0.9117053481331988,0.5189079505626268,0.41976461129018755
0.9118735284224689,0.5189966801918111,0.41976020345179493
0.912041708711739,0.5190853770975474,0.41975369208022084
0.9122098890010091,0.5189896755162242,0.4197473621023809
0.9123780692902792,0.5188940092165899,0.41969977158791083
0.9125462495795493,0.5187983781791374,0.41965438080314654
0.9127144298688193,0.5188870462502303,0.41961590896977596
0.9128826101580895,0.5187914517317612,0.419608199700595
0.9130507904473596,0.5188800884140726,0.41960124814786404
0.9132189707366297,0.5187845303867403,0.41942799277977444
0.9133871510258997,0.5186890075492543,0.4193496335022581
0.9135553313151699,0.5185935198821797,0.41923238724482026
0.91372351160444,0.518498067366096,0.41918004989801727
0.9138916918937101,0.5184026499815974,0.4191212516394179
0.9140598721829801,0.5183072677092916,0.4191158206189414
0.9142280524722503,0.5183958793230317,0.4190729372861568
0.9143962327615204,0.5184844583409969,0.4188886591073959
0.9145644130507904,0.5185730047811695,0.41873498407943355
0.9147325933400605,0.5184776613348042,0.41863309675159155
0.9149007736293306,0.5183823529411765,0.41862433618862577
0.9150689539186008,0.5184708693254917,0.41861437674565116
0.9152371342078708,0.5185593531789783,0.4184872980227615
0.9154053144971409,0.518464082307551,0.41841974164784107
0.915573494786411,0.5183688464364438,0.41841468068772825
0.9157416750756812,0.5184573002754821,0.41829217477013686
0.9159098553649512,0.5183621006243114,0.4182287930012202
0.9160780356542213,0.5182669359280337,0.41819416564348816
0.9162462159434914,0.5181718061674009,0.4181840631891081
0.9164143962327616,0.518260231235089,0.41807787013853925
0.9165825765220316,0.5181651376146789,0.4179603463307447
0.9167507568113017,0.5180700788846083,0.41795900773267514
0.9169189371005718,0.5181584739545121,0.4179354083877731
0.9170871173898419,0.5182468366037044,0.4179298747631906
0.917255297679112,0.5183351668500183,0.4178759473301536
0.9174234779683821,0.5184234647112741,0.41786387815077664
0.9175916582576522,0.5185117302052786,0.41775326323927586
0.9177598385469223,0.5185999633498259,0.4177184486902427
0.9179280188361923,0.5186881641626969,0.41771282971789025
0.9180961991254625,0.5185931489283752,0.4177048045260871
0.9182643794147326,0.5186813186813187,0.41770024439709363
0.9184325597040027,0.5187694561435634,0.4176874628028447
0.9186007399932727,0.5186744782131087,0.4176772896413835
0.9187689202825429,0.518762584660443,0.41765382577745236
0.918937100571813,0.5186676427525623,0.4175399958143574
0.9191052808610831,0.5187557182067704,0.4174899816793716
0.9192734611503531,0.5188437614343212,0.41735863271911167
0.9194416414396233,0.5187488567770258,0.4173017351626933
0.9196098217288934,0.5186539868324799,0.4172770098200696
0.9197780020181635,0.518559151581642,0.417268898879265
0.9199461823074335,0.5186471663619744,0.41721266932568446
0.9201143625967036,0.5185523670261378,0.4171797028131902
0.9202825428859738,0.518640350877193,0.41707625184979086
0.9204507231752439,0.5185455874291979,0.4170666569705537
0.9206189034645139,0.5184508586043113,0.4170525181083741
0.920787083753784,0.5183561643835617,0.41702998596493385
0.9209552640430542,0.5182615047479913,0.4170210848138758
0.9211234443323243,0.5183494613839693,0.4169981235739092
0.9212916246215943,0.518254837531946,0.41697890136757404
0.9214598049108644,0.5181602482204782,0.41693669142862305
0.9216279852001346,0.5182481751824818,0.41680434802724403
0.9217961654894047,0.5181536216018975,0.41670758611567726
0.9219643457786747,0.5182415176942722,0.41670262125814445
0.9221325260679448,0.5183293817253328,0.41669526602926793
0.922300706357215,0.5184172137126185,0.4165789266264898
0.9224688866464851,0.5185050136736554,0.4165440808048744
0.9226370669357551,0.518592781625957,0.41651797977869515
0.9228052472250252,0.5184982686349553,0.41648147381729816
0.9229734275142953,0.5184037900874635,0.4164634767786113
0.9231416078035655,0.5184915285115685,0.41635321759418414
0.9233097880928355,0.5183970856102004,0.416333844811808
0.9234779683821056,0.5184847932981242,0.41633165874184996
0.9236461486713757,0.5185724690458849,0.41629579822895374
0.9238143289606459,0.518478062989259,0.4162391040892869
0.9239825092499159,0.5183836912995996,0.4162042541431627
0.924150689539186,0.5182893539581438,0.41615861622139766
0.9243188698284561,0.5183770014556041,0.4161203137535781
0.9244870501177263,0.5182826996543569,0.4160334748411193
0.9246552304069963,0.518188432157148,0.4160217414532678
0.9248234106962664,0.5182760501909438,0.4160036647070733
0.9249915909855365,0.5183636363636364,0.41597688248386355
0.9251597712748066,0.5184511906926014,0.4158959575653289
0.9253279515640767,0.5183569611050527,0.4157404604965434
0.9254961318533468,0.5182627657641287,0.41564914639684275
0.9256643121426169,0.5181686046511628,0.41561768433511004
0.925832492431887,0.5182561307901907,0.4155042948186461
0.926000672721157,0.5181620050853615,0.4155034090409629
0.9261688530104272,0.5182495006355547,0.41548225259384175
0.9263370332996973,0.5181554103122731,0.4154160892691601
0.9265052135889674,0.5182428752949718,0.4154156029058541
0.9266733938782374,0.5181488203266787,0.4153489509308919
0.9268415741675076,0.5180547994919252,0.41530718426737695
0.9270097544567777,0.5179608127721336,0.41529533914830574
0.9271779347460478,0.5180482495918738,0.4152753917207397
0.9273461150353178,0.5179542981501633,0.41526618668296145
0.927514295324588,0.5178603807796918,0.41519251226831194
0.9276824756138581,0.5179477882523568,0.4151599238384117
0.9278506559031282,0.5178539061083922,0.415102895305346
0.9280188361923982,0.5179412830735773,0.4150603352310288
0.9281870164816683,0.5178474361297336,0.41503583118022014
0.9283551967709385,0.5179347826086956,0.4148754296965646
0.9285233770602086,0.5180220974461148,0.41486115392391276
0.9286915573494786,0.5179282868525896,0.41480899317961606
0.9288597376387487,0.5180155712475104,0.41463613447471376
0.9290279179280189,0.5179217958001449,0.41451123491787994
0.9291960982172889,0.5178280542986425,0.4143870637286343
0.929364278506559,0.5177343467245747,0.4142927435000653
0.9295324587958291,0.5178216030396237,0.41427951672771635
0.9297006390850993,0.5179088277858177,0.41424119513800167
0.9298688193743693,0.5178151564478206,0.41417661395882466
0.9300369996636394,0.5179023508137433,0.4141106537088686
0.9302051799529095,0.5178087145181703,0.4140680838851152
0.9303733602421796,0.5178958785249458,0.41405021566972183
0.9305415405314497,0.5178022772456172,0.41403976214040283
0.9307097208207198,0.5177087097940007,0.41386798200766395
0.9308779011099899,0.517795844625113,0.41385258360509347
0.93104608139926,0.5178829479768786,0.4138356903162986
0.93121426168853,0.5179700198663536,0.41358395507300894
0.9313824419778002,0.5180570603105814,0.41344805699472836
0.9315506222670703,0.5181440693265933,0.41336593773795777
0.9317188025563404,0.5180505415162455,0.41335819359713927
0.9318869828456104,0.5179570474643567,0.4133456376333471
0.9320551631348806,0.5180440274269217,0.4132037530031921
0.9322233434241507,0.5181309760057731,0.41317727366138707
0.9323915237134208,0.5182178932178932,0.4130551391244578
0.9325597040026908,0.5181244364292155,0.41303270520048074
0.932727884291961,0.5182113234763793,0.4130224662374999
0.9328960645812311,0.5182981791959618,0.41300019030746826
0.9330642448705012,0.5183850036049027,0.4127948431637706
0.9332324251597712,0.5182915840692016,0.4127609196703722
0.9334006054490414,0.5183783783783784,0.4127296958854616
0.9335687857383115,0.5184651414159611,0.41270286324435396
0.9337369660275816,0.5185518731988472,0.4125680868770066
0.9339051463168516,0.5186385737439222,0.41253454055274597
0.9340733266061217,0.518545192653943,0.4125016423772765
0.9342415068953919,0.5184518451845185,0.41244967213026956
0.934409687184662,0.5185385169186465,0.41239868984405603
0.934577867473932,0.5184452042468958,0.41219020284653624
0.9347460477632021,0.5183519251529327,0.41217943608497115
0.9349142280524723,0.5182586796186365,0.41217489713935546
0.9350824083417424,0.5183453237410072,0.4121191973168812
0.9352505886310124,0.518431936702032,0.41151565485910785
0.9354187689202825,0.5185185185185185,0.4113611297754986
0.9355869492095527,0.5184253100844868,0.4112802408322003
0.9357551294988228,0.5183321351545651,0.41124897908501357
0.9359233097880928,0.5182389937106918,0.411230998215304
0.9360914900773629,0.5183255479698168,0.4112079558497351
0.936259670366633,0.5184120711334651,0.4112031821863426
0.9364278506559032,0.5184985632183908,0.41115926357002475
0.9365960309451732,0.5184054587897289,0.411002835017319
0.9367642112344433,0.5183123877917415,0.4109969074908881
0.9369323915237134,0.5182193502064262,0.41095047145098135
0.9371005718129836,0.5183058147882269,0.41094006662752647
0.9372687521022536,0.5183922483402117,0.4108057941476758
0.9374369323915237,0.5184786508790814,0.41077640096254564
0.9376051126807938,0.5183856502242152,0.4107626437436051
0.937773292970064,0.5184720229555236,0.4107589084734773
0.937941473259334,0.5185583647122108,0.41073483660097226
0.9381096535486041,0.5186446755109358,0.41071864710675526
0.9382778338378742,0.5187309553683456,0.4106948770589118
0.9384460141271443,0.5188172043010753,0.41067307632012445
0.9386141944164144,0.518903422325748,0.4106690903248832
0.9387823747056845,0.5188104621999283,0.4105633792640015
0.9389505549949546,0.5188966505463013,0.4104409735350187
0.9391187352842247,0.5189828080229226,0.41043385233405194
0.9392869155734948,0.5188898836168307,0.41042037145266325
0.9394550958627649,0.5189760114572145,0.41041392997131865
0.939623276152035,0.519062108466082,0.41036593421227147
0.9397914564413051,0.5189692197566214,0.410216024114717
0.9399596367305751,0.5190552871712292,0.4099998570443026
0.9401278170198453,0.5189624329159213,0.4099404705724664
0.9402959973091154,0.519048470756573,0.40986380375692155
0.9404641775983855,0.5189556509298998,0.4097284559157356
0.9406323578876555,0.5190416592168783,0.40964365117497725
0.9408005381769257,0.51894887379335,0.4094310600143252
0.9409687184661958,0.5188561215370867,0.4093344569705711
0.9411368987554659,0.5187634024303074,0.40927895589922764
0.9413050790447359,0.5188493835983563,0.40925456442817265
0.941473259334006,0.5187566988210075,0.40924344457756434
0.9416414396232762,0.518664047151277,0.4090641326008141
0.9418096199125463,0.5185714285714286,0.409063406092002
0.9419778002018163,0.5184788430637386,0.409020789738805
0.9421459804910864,0.5185647982863263,0.4090019571200846
0.9423141607803566,0.5184722470105301,0.40898113956601384
0.9424823410696267,0.5185581727337616,0.4089735206926198
0.9426505213588967,0.5186440677966102,0.40894222716451006
0.9428187016481668,0.5187299322154834,0.40889590432672085
0.942986881937437,0.5188157660067773,0.4088533843772627
0.943155062226707,0.5187232524964337,0.4088232035525289
0.9433232425159771,0.5186307719736138,0.40881781929935784
0.9434914228052472,0.5185383244206774,0.408808292035981
0.9436596030945174,0.5186241311709143,0.4087862579482273
0.9438277833837874,0.5185317177476836,0.40877506374369976
0.9439959636730575,0.5186174951006591,0.40871141454194265
0.9441641439623276,0.5187032418952618,0.4086605700214267
0.9443323242515977,0.5187889581478183,0.40863392989240954
0.9445005045408678,0.5186965811965812,0.40856234465790187
0.9446686848301379,0.5186042371372619,0.4084399549790161
0.944836865119408,0.5185119259522962,0.408426046404099
0.9450050454086781,0.5184196476241324,0.40836463046477844
0.9451732256979481,0.5183274021352313,0.4083135227325406
0.9453414059872183,0.5184130937555596,0.4083035804068825
0.9455095862764884,0.5184987548914977,0.4082502483502775
0.9456777665657585,0.518406544549173,0.4081424572859201
0.9458459468550285,0.5184921763869133,0.40803449235616096
0.9460141271442987,0.5184,0.4078552803748291
0.9461823074335688,0.518485602559545,0.4077047667863456
0.9463504877228389,0.5185711746934424,0.4076813861073751
0.9465186680121089,0.5186567164179104,0.4076295776560853
0.9466868483013791,0.5185645763012968,0.40752690992488
0.9468550285906492,0.5186500888099467,0.4074784108329879
0.9470232088799193,0.5185579825963417,0.4074600929377599
0.9471913891691893,0.5186434659090909,0.4074288756485222
0.9473595694584594,0.5185513935735843,0.4073392449800543
0.9475277497477296,0.5184593539226127,0.4073104054946943
0.9476959300369997,0.5183673469387755,0.4071528971691261
0.9478641103262697,0.5182753726046841,0.4070752929601537
0.9480322906155398,0.5183608302288452,0.4069270511546664
0.94820047090481,0.5184462575381341,0.40688679317754495
0.9483686511940801,0.5183543181415144,0.4068660564654295
0.9485368314833501,0.5182624113475177,0.4068370043863288
0.9487050117726202,0.5183478106718666,0.4068353575008534
0.9488731920618904,0.5182559376107764,0.406665683478542
0.9490413723511605,0.518341307814992,0.40640200635232016
0.9492095526404305,0.5182494684620836,0.4063238613531125
0.9493777329297006,0.5183348095659877,0.4062812299619426
0.9495459132189707,0.518420120439249,0.4060842235173678
0.9497140935082409,0.5183283159199575,0.4060754676688966
0.9498822737975109,0.5184135977337111,0.4060712339154574
0.950050454086781,0.5183218268720128,0.4060326266583075
0.9502186343760511,0.5184070796460177,0.4059418867172494
0.9503868146653213,0.5183153424172713,0.4059292539938997
0.9505549949545913,0.5184005661712668,0.40582857503809144
0.9507231752438614,0.5184857597735716,0.4056987655195141
0.9508913555331315,0.518570923240184,0.40564080519286366
0.9510595358224017,0.518656056587091,0.4056375259755336
0.9512277161116717,0.5187411598302687,0.40547890941569104
0.9513958964009418,0.5188262329856814,0.4054031546082481
0.9515640766902119,0.5189112760692824,0.405386100361225
0.951732256979482,0.5188195794309949,0.4052728559276445
0.9519004372687521,0.518904593639576,0.4052579696951505
0.9520686175580222,0.5189895778131072,0.40519061589449235
0.9522367978472923,0.5188979159307665,0.4051900275683949
0.9524049781365624,0.5188062864206251,0.4051794182749851
0.9525731584258325,0.5187146892655368,0.4051469776110412
0.9527413387151026,0.5187996469549868,0.40511975401184486
0.9529095190043727,0.5187080833039182,0.4050585844724063
0.9530776992936428,0.5186165519675313,0.4050445473645769
0.9532458795829128,0.5185250529287226,0.4050431836931474
0.953414059872183,0.5184335861704005,0.4049937276654365
0.9535822401614531,0.518342151675485,0.4049749050979528
0.9537504204507232,0.518427085170164,0.4048314174524101
0.9539186007399932,0.5183356840620592,0.40474138365284
0.9540867810292634,0.5184205887537459,0.404613331989374
0.9542549613185335,0.5185054635178005,0.4045911403525354
0.9544231416078036,0.5184140969162996,0.40452173874261865
0.9545913218970736,0.5184989429175476,0.40451153182075067
0.9547595021863438,0.5185837590276554,0.4044920849526417
0.9549276824756139,0.5184924269108842,0.40445815181787265
0.955095862764884,0.5184011269589717,0.40444145683356186
0.955264043054154,0.5184859154929577,0.40439158964711835
0.9554322233434241,0.5183946488294314,0.404370548759785
0.9556004036326943,0.5183034142907427,0.40412333164669734
0.9557685839219644,0.5183881752595461,0.40410211345198527
0.9559367642112344,0.5182969739619986,0.4040615739785781
0.9561049445005045,0.5183817062445031,0.4040607389940852
0.9562731247897747,0.5182905381639114,0.40404736479264014
0.9564413050790448,0.5181994021452435,0.40403274715825827
0.9566094853683148,0.5182841068917018,0.40399909697181235
0.9567776656575849,0.5183687818597293,0.4039884032914575
0.9569458459468551,0.5184534270650264,0.4039734697641842
0.9571140262361252,0.5185380425232824,0.40384581085193333
0.9572822065253952,0.5186226282501757,0.4037181047934296
0.9574503868146653,0.5187071842613736,0.4036788747196971
0.9576185671039354,0.5186160871092378,0.4033820964402307
0.9577867473932055,0.5185250219490781,0.40331881488212834
0.9579549276824756,0.5186095505617978,0.4030179886954949
0.9581231079717457,0.5186940494997367,0.4030068036597861
0.9582912882610158,0.5187785187785188,0.4029764205079092
0.9584594685502859,0.5188629584137568,0.40287531454684533
0.958627648839556,0.5187719298245614,0.4028291118439021
0.9587958291288261,0.5188563409928083,0.40267099878245666
0.9589640094180962,0.51894072255349,0.4025756706598718
0.9591321897073662,0.5188497282132211,0.4025554430486725
0.9593003699966364,0.5187587657784011,0.4025432580048006
0.9594685502859065,0.5188431200701139,0.4025224262083745
0.9596367305751766,0.5189274447949527,0.4024989019563771
0.9598049108644466,0.5190117399684598,0.40246012452242363
0.9599730911537168,0.5189208128941836,0.4023611085062105
0.9601412714429869,0.5190050796987213,0.4023561136765287
0.960309451732257,0.5190893169877409,0.402333432877725
0.960477632021527,0.518998424093854,0.4023227242473248
0.9606458123107972,0.5189075630252101,0.40228922206989653
0.9608139926000673,0.5189917731489585,0.4022730609480371
0.9609821728893374,0.5189009450472524,0.40227144101708157
0.9611503531786074,0.5189851268591426,0.4022654029933125
0.9613185334678775,0.5188943317004898,0.40212232603716946
0.9614867137571477,0.5188035683050551,0.402013130220477
0.9616548940464178,0.5187128366561735,0.4019025197799151
0.9618230743356878,0.5186221367371918,0.40189768765581935
0.9619912546249579,0.5187062937062937,0.4017700993007113
0.9621594349142281,0.5187904212550254,0.4017029594734095
0.9623276152034982,0.5188745193988116,0.40157342992284706
0.9624957954927682,0.5189585881530666,0.4012933761931859
0.9626639757820383,0.5190426275331935,0.4011730011329278
0.9628321560713085,0.5189519650655022,0.4011011141242815
0.9630003363605786,0.5190359762486901,0.4010126965161536
0.9631685166498486,0.5191199580932425,0.40098669160866124
0.9633366969391187,0.5192039106145251,0.4008567134008876
0.9635048772283888,0.5191132832955141,0.40076477102780456
0.963673057517659,0.5191972076788831,0.4006552869888437
0.963841237806929,0.5191066131565172,0.40049822252476164
0.9640094180961991,0.5191905094207956,0.40035490461156764
0.9641775983854692,0.5192743764172335,0.4000851573449909
0.9643457786747394,0.519358214161144,0.40007469534201656
0.9645139589640094,0.5194420226678291,0.3999371768601678
0.9646821392532795,0.5195258019525802,0.3999250592799946
0.9648503195425496,0.5194352449015165,0.39988380285825403
0.9650184998318198,0.5195189961659115,0.3998640789598679
0.9651866801210898,0.5194284718592089,0.3996389106347893
0.9653548604103599,0.5195121951219512,0.3996103162359464
0.96552304069963,0.5194217035359694,0.3995691847483574
0.9656912209889001,0.5193312434691745,0.39953030259731737
0.9658594012781702,0.5192408149051019,0.3993951941086765
0.9660275815674403,0.5193245125348189,0.39937489221276407
0.9661957618567104,0.5192341166231506,0.3993688267793603
0.9663639421459805,0.5191437521754264,0.39934168276939214
0.9665321224352506,0.5190534191752219,0.39921906265844664
0.9667003027245207,0.5191370911621433,0.39906640919749486
0.9668684830137908,0.5192207340407027,0.399042825223945
0.9670366633030609,0.5191304347826087,0.3988573749436034
0.9672048435923309,0.5190401669274909,0.39877357769816885
0.9673730238816011,0.5191237830319889,0.39871990410026165
0.9675412041708712,0.519033547714236,0.3985809058506694
0.9677093844601413,0.519117135905457,0.3984542217269219
0.9678775647494113,0.5190269331016507,0.398414767214553
0.9680457450386815,0.5191104933981932,0.3983804280594855
0.9682139253279516,0.5191940246656245,0.3983744171616742
0.9683821056172217,0.5191038555053838,0.3982937272528246
0.9685502859064917,0.5191873589164786,0.398274547250409
0.9687184661957619,0.5192708333333333,0.39820613278334094
0.968886646485032,0.5191806977955216,0.3979645376833722
0.9690548267743021,0.5192641443943076,0.3978920407473648
0.9692230070635721,0.5193475620336631,0.3976319146996643
0.9693911873528422,0.5192574600971548,0.39760679635024054
0.9695593676421124,0.5191673894189072,0.39755948327574747
0.9697275479313825,0.5192507804370448,0.3973980151030942
0.9698957282206525,0.5191607421536327,0.39736630337796397
0.9700639085099226,0.5190707350901526,0.3972365830810635
0.9702320887991928,0.5189807592303692,0.39703599738736534
0.9704002690884629,0.5190641247833622,0.39685290543215096
0.9705684493777329,0.518974181251083,0.396597402474654
0.970736629667003,0.5190575190575191,0.3965535722672721
0.9709048099562732,0.5189676078295513,0.39647963251571083
0.9710729902455433,0.5188777277450641,0.396421796041978
0.9712411705348133,0.518961038961039,0.39622347336969144
0.9714093508240834,0.5190443213296398,0.39615648008877263
0.9715775311133535,0.518954474640817,0.39609331805701053
0.9717457114026236,0.518864659051575,0.39604957739770114
0.9719138916918937,0.5189479148641634,0.3956738189709308
0.9720820719811638,0.5188581314878893,0.3953189424033919
0.9722502522704339,0.5187683791731534,0.39528497917537564
0.972418432559704,0.5188516084399861,0.39499749883086355
0.9725866128489741,0.5189348089227045,0.3943863974619695
0.9727547931382442,0.5190179806362379,0.39417218071658533
0.9729229734275143,0.5191011235955056,0.3939615288445748
0.9730911537167843,0.5190114068441065,0.393895632440871
0.9732593340060545,0.5190945222049421,0.39388543368298057
0.9734275142953246,0.519177608845888,0.3938847150166701
0.9735956945845947,0.5190879253757126,0.3936098341942563
0.9737638748738647,0.5189982728842832,0.39344008958974735
0.9739320551631349,0.519081333103091,0.3933109242108271
0.974100235452405,0.5189917127071824,0.39322658658855464
0.9742684157416751,0.518902123252201,0.3930839507402178
0.9744365960309451,0.5188125647221263,0.39274563661823986
0.9746047763202152,0.5188955996548749,0.3926147294606631
0.9747729566094854,0.5188060731538993,0.39243656111559666
0.9749411368987555,0.5188890805589098,0.39228350928263833
0.9751093171880255,0.5187995860641601,0.3921025578404706
0.9752774974772956,0.5188825659596482,0.3919477531022629
0.9754456777665658,0.5189655172413793,0.39171061443228455
0.9756138580558359,0.5190484399241511,0.3915469602748716
0.9757820383451059,0.5191313340227508,0.3914930297964149
0.975950218634376,0.5192141995519559,0.3914686550414332
0.9761183989236462,0.5192970365265335,0.39140457743125284
0.9762865792129163,0.5193798449612403,0.3913007583752521
0.9764547595021863,0.5194626248708233,0.39106906454396284
0.9766229397914564,0.5193731703116928,0.3909490507400827
0.9767911200807265,0.5192837465564738,0.390691401058318
0.9769593003699967,0.51936650025822,0.39063532228486086
0.9771274806592667,0.5194492254733218,0.39061938580649497
0.9772956609485368,0.5193598347960764,0.3905406663040874
0.9774638412378069,0.5194425326909842,0.39051743045064524
0.9776320215270771,0.5195252021331498,0.3904746423201577
0.9778002018163471,0.5196078431372549,0.3902647342772896
0.9779683821056172,0.519518486672399,0.39008965922754607
0.9781365623948873,0.5194291609353507,0.3900886532990108
0.9783047426841575,0.5195117758294654,0.39008763332026924
0.9784729229734275,0.5195943623238226,0.39006344371486584
0.9786411032626976,0.5196769204330641,0.3900050765343814
0.9788092835519677,0.5197594501718213,0.3899245995575683
0.9789774638412378,0.5198419515547157,0.3899104351370729
0.9791456441305079,0.5197526623153556,0.3896341603281343
0.979313824419778,0.5198351365275631,0.3894792520155118
0.9794820047090481,0.5197458791208791,0.3892307925263913
0.9796501849983182,0.5198283261802575,0.38914022531686976
0.9798183652875883,0.5197391005835909,0.38900431877117897
0.9799865455768584,0.5198215205079801,0.3882700581013113
0.9801547258661285,0.519732326698696,0.38820995811404546
0.9803229061553986,0.5196431634928804,0.38817036313315506
0.9804910864446686,0.5197255574614065,0.38797520949572173
0.9806592667339388,0.5198079231692677,0.38745583294037217
0.9808274470232089,0.5198902606310014,0.3873944208425548
0.980995627312479,0.5199725698611349,0.38738897160705454
0.981163807601749,0.5198834418923551,0.38723569769867067
0.9813319878910192,0.5197943444730078,0.3872095810688308
0.9815001681802893,0.519876627827279,0.3872051987219627
0.9816683484695594,0.5197875621038205,0.3870004648154385
0.9818365287588294,0.5198698184309695,0.38695970527391543
0.9820047090480996,0.5199520465833191,0.3868181971189009
0.9821728893373697,0.5200342465753425,0.38681434361244804
0.9823410696266398,0.5199452148604691,0.3867405189632882
0.9825092499159098,0.5200273878808627,0.38658211977157486
0.98267743020518,0.5199383878144789,0.3865672814291365
0.9828456104944501,0.5200205338809035,0.38650479259127984
0.9830137907837202,0.5201026518391788,0.3864509402509015
0.9831819710729902,0.5200136845706466,0.3862567466746169
0.9833501513622603,0.5199247477338806,0.38619429433229746
0.9835183316515305,0.5198358413132695,0.3855236302216897
0.9836865119408006,0.5199179346896905,0.3853542572120097
0.9838546922300706,0.52,0.3853484767627817
0.9840228725193407,0.5200820372585883,0.3853109484138455
0.9841910528086109,0.5201640464798359,0.38518689948950224
0.984359233097881,0.5202460276781138,0.38508053696033784
0.984527413387151,0.5201571574991459,0.38506328751423385
0.9846955936764211,0.520068317677199,0.38503899112168566
0.9848637739656912,0.5201502732240437,0.3849516735497218
0.9850319542549614,0.520232200785385,0.38404996128650415
0.9852001345442314,0.5201433936497099,0.3837821745162629
0.9853683148335015,0.5200546168288104,0.38352515058448444
0.9855364951227716,0.520136518771331,0.38348550782560537
0.9857046754120418,0.5200477734175055,0.38322056202720356
0.9858728557013118,0.5201296485841009,0.3829710319858917
0.9860410359905819,0.5202114958212519,0.3828079260822253
0.986209216279852,0.5201227830832197,0.38273786901392776
0.986377396569122,0.5200341005967605,0.3826241321752792
0.9865455768583922,0.5201159222638936,0.382508791140779
0.9867137571476623,0.5201977160388614,0.38246938090307453
0.9868819374369324,0.5202794819359237,0.38216913396199764
0.9870501177262024,0.5201908331913444,0.38105444332667243
0.9872182980154726,0.5201022146507666,0.3809981147345001
0.9873864783047427,0.5201839550332141,0.3803689391824834
0.9875546585940128,0.5202656675749319,0.3792495079184373
0.9877228388832828,0.5201770815596799,0.37847140378891714
0.987891019172553,0.5202587674497787,0.3778799254003789
0.9880591994618231,0.5203404255319148,0.3768471542099268
0.9882273797510932,0.5202518720217836,0.37653384692159864
0.9883955600403632,0.5203335034881742,0.376495044352078
0.9885637403296333,0.5202449812861517,0.3761754334153116
0.9887319206189035,0.5201564891988434,0.37474076681292645
0.9889001009081736,0.5200680272108843,0.37473746225013427
0.9890682811974436,0.5201496344159157,0.37453410458804504
0.9892364614867137,0.5200612036722203,0.3743113650604856
0.9894046417759839,0.5201427842937277,0.3740146631182003
0.989572822065254,0.5200543847722637,0.3737450207090609
0.989741002354524,0.5201359388275276,0.3736689422238363
0.9899091826437941,0.5202174651715936,0.37365115939532056
0.9900773629330643,0.5202989638185833,0.37351233782038257
0.9902455432223344,0.5203804347826086,0.373510545517967
0.9904137235116044,0.5202920699609441,0.37335500494848917
0.9905819038008745,0.5203735144312394,0.3732050136301981
0.9907500840901446,0.5204549312510609,0.3730400969712624
0.9909182643794148,0.5205363204344874,0.37241317193492135
0.9910864446686848,0.520617681995588,0.3722775490616507
0.9912546249579549,0.5205293518832711,0.3720352405715503
0.991422805247225,0.5206106870229008,0.3719470290780827
0.9915909855364952,0.5206919945725916,0.3715079108457672
0.9917591658257652,0.5207732745463796,0.37103406119325405
0.9919273461150353,0.5208545269582909,0.3708096432987145
0.9920955264043054,0.5207662315646719,0.37001421251558114
0.9922637066935756,0.5208474576271186,0.36915121294087455
0.9924318869828456,0.5207591933570581,0.36903855801622026
0.9926000672721157,0.5208403930870891,0.3690330525092337
0.9927682475613858,0.5207521599186854,0.36637156347581684
0.992936427850656,0.5208333333333334,0.36627474594464454
0.993104608139926,0.5209144792548688,0.36621337809512694
0.9932727884291961,0.5208262783609888,0.3656011418586083
0.9934409687184662,0.5209073980023701,0.3654458450842825
0.9936091490077363,0.5208192281651998,0.3653351059600078
0.9937773292970064,0.5209003215434084,0.3652482413310532
0.9939455095862765,0.5209813874788494,0.36524578947011854
0.9941136898755466,0.5208932498731179,0.36381635249678007
0.9942818701648167,0.5208051420838972,0.3635599702635993
0.9944500504540867,0.5207170640960596,0.3633088811307291
0.9946182307433569,0.5206290158944876,0.36216435558764065
0.994786411032627,0.5207100591715976,0.36180789964663695
0.9949545913218971,0.52079107505071,0.36173332612650466
0.9951227716111671,0.5207030589825925,0.36105029016984586
0.9952909519004373,0.5206150726596823,0.3610205856337081
0.9954591321897074,0.5205271160669032,0.3600713594100783
0.9956273124789775,0.5204391891891892,0.35920262148294635
0.9957954927682475,0.5203512920114846,0.35887719735761736
0.9959636730575177,0.5204322863897332,0.3582823352106033
0.9961318533467878,0.5203444200574033,0.3572343752460717
0.9963000336360579,0.5202565833896016,0.3571667784328043
0.9964682139253279,0.5203375527426161,0.35648840322038583
0.996636394214598,0.520249746878164,0.3559076355690341
0.9968045745038682,0.520161970642821,0.355133553304348
0.9969727547931383,0.520242914979757,0.35456248685770564
0.9971409350824083,0.5203238320121437,0.3532327099779211
0.9973091153716784,0.5202360876897133,0.3532219791000466
0.9974772956609486,0.5203169785870848,0.35294587501716923
0.9976454759502187,0.520397842211733,0.3528472884676921
0.9978136562394887,0.5203101297825721,0.35247919943573536
0.9979818365287588,0.5203909673070441,0.35216485607088255
0.998150016818029,0.5203032855939342,0.35205511013349977
0.9983181971072991,0.5202156334231806,0.3518186115694808
0.9984863773965691,0.5201280107798552,0.350473628166818
0.9986545576858392,0.5202088245200405,0.34959007251919044
0.9988227379751093,0.5202896110456305,0.34690927729358595
0.9989909182643795,0.5203703703703704,0.34090482667672223
0.9991590985536495,0.5204511025079953,0.34050168136454123
0.9993272788429196,0.5203635139683608,0.33652674722563664
0.9994954591321897,0.5202759549049302,0.3314123287109231
0.9996636394214599,0.5203566621803499,0.33041480138480755
0.9998318197107299,0.5204373423044575,0.3303472699364775
1.0,0.5203498150016818,0.3289836124868118
